id,title,category,amount,date,isEssential,note
1,Zomato Weekend Dinner,Food,1191.83,2025-01-01,false,Family gourmet pizza and pasta treat (Recorded on 2025-01-01)
2,Apple Store MagSafe Battery,Shopping,9104.99,2025-01-01,false,Official magnetic fast wireless battery pack (Recorded on 2025-01-01)
3,Automobile Ceramic Detailing,Transport,1273.10,2025-01-02,false,Full interior vacuum; engine degrease and wash (Recorded on 2025-01-02)
4,Auto Rickshaw Meter Fare,Transport,87.92,2025-01-02,true,Local city transit to metro station (Recorded on 2025-01-02)
5,Chai & Samosa Corner,Food,61.87,2025-01-02,true,Evening masala tea with team members (Recorded on 2025-01-02)
6,Udemy Masterclass Bootcamp,Learn,1058.37,2025-01-02,true,Full-stack distributed cloud architecture video course (Recorded on 2025-01-02)
7,iCloud / Google Cloud Storage,Bills,650.00,2025-01-02,true,2TB unified encrypted cloud backup subscription (Recorded on 2025-01-02)
8,Starbucks Latte & Croissant,Food,699.07,2025-01-02,false,Meeting client over coffee & cookies (Recorded on 2025-01-02)
9,Airtel 5G Fiber Broadband,Bills,1106.66,2025-01-03,true,1 Gbps symmetrical unlimited high-speed fiber plan (Recorded on 2025-01-03)
10,Apollo Pharmacy Prescription,Health,575.21,2025-01-03,true,Prescription medication; vitamin D3 & omega-3 (Recorded on 2025-01-03)
11,City Mall Parking Fee,Transport,269.50,2025-01-03,false,Multi-level basement underground parking validation (Recorded on 2025-01-03)
12,iCloud / Google Cloud Storage,Bills,650.00,2025-01-03,true,2TB unified encrypted cloud backup subscription (Recorded on 2025-01-03)
13,Friend Wedding / Birthday Gift,Other,3124.13,2025-01-04,false,Custom engraved stainless steel wristwatch with box (Recorded on 2025-01-04)
14,Kindle Technical E-Books,Learn,864.03,2025-01-04,true,Software engineering architecture & financial books (Recorded on 2025-01-04)
15,Physiotherapy Posture Rehab,Health,934.60,2025-01-05,true,Spine and cervical posture rehab therapy session (Recorded on 2025-01-05)
16,Uber Premier Commute,Transport,1078.20,2025-01-05,false,Airport ride terminal 2 business flight (Recorded on 2025-01-05)
17,Electricity Power Utility,Bills,4308.08,2025-01-05,true,Monthly household air conditioning electricity bill (Recorded on 2025-01-05)
18,Automobile Ceramic Detailing,Transport,1839.34,2025-01-05,false,Full interior vacuum; engine degrease and wash (Recorded on 2025-01-05)
19,Dental Scaling & Oral Checkup,Health,1681.24,2025-01-05,true,Bi-annual preventive dental cleaning and exam (Recorded on 2025-01-05)
20,Board Game Pub & Cafe,Fun,957.02,2025-01-05,false,Strategy game night craft beers and nacho platters (Recorded on 2025-01-05)
21,Uniqlo Airism Essentials,Shopping,2876.99,2025-01-06,true,Innerwear; cooling undershirts and crew socks (Recorded on 2025-01-06)
22,Nike Marathon Running Shoes,Shopping,8034.64,2025-01-06,false,Long distance training air zoom cushion sneakers (Recorded on 2025-01-06)
23,Board Game Pub & Cafe,Fun,1022.93,2025-01-07,false,Strategy game night craft beers and nacho platters (Recorded on 2025-01-07)
24,Supermarket Staples,Food,5787.21,2025-01-07,true,Monthly pulses; basmati grains; spices and olive oil (Recorded on 2025-01-07)
25,Diagnostic Comprehensive Blood Panel,Health,2815.80,2025-01-07,true,Full body health checkup; liver and lipid profile (Recorded on 2025-01-07)
26,Concert Live Music Festival,Fun,7881.84,2025-01-07,false,Weekend rock concert arena general admission pass (Recorded on 2025-01-07)
27,Dental Scaling & Oral Checkup,Health,2052.07,2025-01-07,true,Bi-annual preventive dental cleaning and exam (Recorded on 2025-01-07)
28,Language Mastery Application,Learn,2141.87,2025-01-07,false,Annual conversational language learning subscription (Recorded on 2025-01-07)
29,Board Game Pub & Cafe,Fun,1295.57,2025-01-08,false,Strategy game night craft beers and nacho platters (Recorded on 2025-01-08)
30,LPG Cooking Gas Cylinder Refill,Bills,908.46,2025-01-08,true,Indane domestic LPG home delivery (Recorded on 2025-01-08)
31,Coursera AI Specialization,Learn,4218.32,2025-01-08,true,Machine learning and deep neural networks lab (Recorded on 2025-01-08)
32,Dry Cleaning & Garment Care,Other,1506.94,2025-01-09,true,Winter wool coats; formal suits and blazers clean (Recorded on 2025-01-09)
33,Shell Petrol Station Fuel,Transport,3943.13,2025-01-09,true,Full tank unleaded petrol for vehicle (Recorded on 2025-01-09)
34,Tech Conference Full Pass,Learn,4817.64,2025-01-09,true,Annual developer engineering summit registration (Recorded on 2025-01-09)
35,Friend Wedding / Birthday Gift,Other,3757.07,2025-01-10,false,Custom engraved stainless steel wristwatch with box (Recorded on 2025-01-10)
36,Whole Foods Grocery,Food,3449.64,2025-01-10,true,Weekly fresh vegetables; organic fruits and dairy (Recorded on 2025-01-10)
37,iCloud / Google Cloud Storage,Bills,650.00,2025-01-10,true,2TB unified encrypted cloud backup subscription (Recorded on 2025-01-10)
38,Apollo Pharmacy Prescription,Health,846.23,2025-01-10,true,Prescription medication; vitamin D3 & omega-3 (Recorded on 2025-01-10)
39,Nike Marathon Running Shoes,Shopping,5024.96,2025-01-10,false,Long distance training air zoom cushion sneakers (Recorded on 2025-01-10)
40,Uniqlo Airism Essentials,Shopping,3299.04,2025-01-11,true,Innerwear; cooling undershirts and crew socks (Recorded on 2025-01-11)
41,iCloud / Google Cloud Storage,Bills,650.00,2025-01-11,true,2TB unified encrypted cloud backup subscription (Recorded on 2025-01-11)
42,Netflix 4K UltraHD Subscription,Fun,649.00,2025-01-11,false,Monthly family tier streaming account (Recorded on 2025-01-11)
43,Dental Scaling & Oral Checkup,Health,1901.19,2025-01-11,true,Bi-annual preventive dental cleaning and exam (Recorded on 2025-01-11)
44,Bakery Artisanal Bread & Pastry,Food,283.73,2025-01-12,true,Morning bakery supplies and sourdough loaf (Recorded on 2025-01-12)
45,Whole Foods Grocery,Food,4266.03,2025-01-12,true,Weekly fresh vegetables; organic fruits and dairy (Recorded on 2025-01-12)
46,Airtel 5G Fiber Broadband,Bills,1027.96,2025-01-12,true,1 Gbps symmetrical unlimited high-speed fiber plan (Recorded on 2025-01-12)
47,Metro Smart Card Recharge,Transport,865.95,2025-01-12,true,Monthly unlimited metro transit card recharge (Recorded on 2025-01-12)
48,Shell Petrol Station Fuel,Transport,2795.30,2025-01-12,true,Full tank unleaded petrol for vehicle (Recorded on 2025-01-12)
49,Friend Wedding / Birthday Gift,Other,3325.63,2025-01-12,false,Custom engraved stainless steel wristwatch with box (Recorded on 2025-01-12)
50,Udemy Masterclass Bootcamp,Learn,1442.13,2025-01-13,true,Full-stack distributed cloud architecture video course (Recorded on 2025-01-13)
51,Board Game Pub & Cafe,Fun,1008.47,2025-01-13,false,Strategy game night craft beers and nacho platters (Recorded on 2025-01-13)
52,Diagnostic Comprehensive Blood Panel,Health,4269.11,2025-01-13,true,Full body health checkup; liver and lipid profile (Recorded on 2025-01-13)
53,Dry Cleaning & Garment Care,Other,897.49,2025-01-13,true,Winter wool coats; formal suits and blazers clean (Recorded on 2025-01-13)
54,City Mall Parking Fee,Transport,104.21,2025-01-13,false,Multi-level basement underground parking validation (Recorded on 2025-01-13)
55,Concert Live Music Festival,Fun,4601.09,2025-01-13,false,Weekend rock concert arena general admission pass (Recorded on 2025-01-13)
56,Supermarket Staples,Food,2769.60,2025-01-14,true,Monthly pulses; basmati grains; spices and olive oil (Recorded on 2025-01-14)
57,Local Fruit Stall,Food,228.34,2025-01-14,true,Fresh seasonal Alphonso mangoes and apples (Recorded on 2025-01-14)
58,LPG Cooking Gas Cylinder Refill,Bills,898.54,2025-01-15,true,Indane domestic LPG home delivery (Recorded on 2025-01-15)
59,Apple Store MagSafe Battery,Shopping,10771.03,2025-01-15,false,Official magnetic fast wireless battery pack (Recorded on 2025-01-15)
60,Deep Home Sanitization Service,Other,4069.24,2025-01-15,true,Quarterly professional deep house cleaning and scrub (Recorded on 2025-01-15)
61,PVR IMAX 3D Recliner Tickets,Fun,935.70,2025-01-16,false,Sci-fi movie premiere with large cheese popcorn (Recorded on 2025-01-16)
62,Coursera AI Specialization,Learn,4422.58,2025-01-16,true,Machine learning and deep neural networks lab (Recorded on 2025-01-16)
63,Dry Cleaning & Garment Care,Other,1408.04,2025-01-16,true,Winter wool coats; formal suits and blazers clean (Recorded on 2025-01-16)
64,Uber Premier Commute,Transport,832.49,2025-01-16,false,Airport ride terminal 2 business flight (Recorded on 2025-01-16)
65,Apollo Pharmacy Prescription,Health,785.69,2025-01-16,true,Prescription medication; vitamin D3 & omega-3 (Recorded on 2025-01-16)
66,Deep Home Sanitization Service,Other,3343.76,2025-01-17,true,Quarterly professional deep house cleaning and scrub (Recorded on 2025-01-17)
67,Municipal Water Authority,Bills,474.90,2025-01-17,true,Quarterly residential piped water supply charges (Recorded on 2025-01-17)
68,IRCTC Executive Train Ticket,Transport,2121.63,2025-01-17,true,Intercity executive AC chair car reservation (Recorded on 2025-01-17)
69,Uber Premier Commute,Transport,1069.54,2025-01-18,false,Airport ride terminal 2 business flight (Recorded on 2025-01-18)
70,Whole Foods Grocery,Food,4257.01,2025-01-18,true,Weekly fresh vegetables; organic fruits and dairy (Recorded on 2025-01-18)
71,Netflix 4K UltraHD Subscription,Fun,649.00,2025-01-18,false,Monthly family tier streaming account (Recorded on 2025-01-18)
72,Language Mastery Application,Learn,2480.36,2025-01-18,false,Annual conversational language learning subscription (Recorded on 2025-01-18)
73,Kindle Technical E-Books,Learn,573.48,2025-01-18,true,Software engineering architecture & financial books (Recorded on 2025-01-18)
74,Blinkit Quick Delivery,Food,194.26,2025-01-18,false,Midnight craving snacks; chocolate and ice cream (Recorded on 2025-01-18)
75,Municipal Water Authority,Bills,698.30,2025-01-19,true,Quarterly residential piped water supply charges (Recorded on 2025-01-19)
76,Deep Home Sanitization Service,Other,2879.80,2025-01-19,true,Quarterly professional deep house cleaning and scrub (Recorded on 2025-01-19)
77,PVR IMAX 3D Recliner Tickets,Fun,1610.85,2025-01-19,false,Sci-fi movie premiere with large cheese popcorn (Recorded on 2025-01-19)
78,Local Fruit Stall,Food,222.87,2025-01-19,true,Fresh seasonal Alphonso mangoes and apples (Recorded on 2025-01-19)
79,Friend Wedding / Birthday Gift,Other,7096.94,2025-01-19,false,Custom engraved stainless steel wristwatch with box (Recorded on 2025-01-19)
80,Amazon Tech Essentials,Shopping,3109.75,2025-01-20,true,USB-C multi-port hub; braided cables & adapter (Recorded on 2025-01-20)
81,Shell Petrol Station Fuel,Transport,2657.60,2025-01-20,true,Full tank unleaded petrol for vehicle (Recorded on 2025-01-20)
82,Auto Rickshaw Meter Fare,Transport,108.45,2025-01-20,true,Local city transit to metro station (Recorded on 2025-01-20)
83,Concert Live Music Festival,Fun,6472.60,2025-01-20,false,Weekend rock concert arena general admission pass (Recorded on 2025-01-20)
84,Automobile Ceramic Detailing,Transport,2711.96,2025-01-20,false,Full interior vacuum; engine degrease and wash (Recorded on 2025-01-20)
85,Cult.fit Fitness Gym Pass,Health,5521.30,2025-01-20,true,Quarterly fitness center gym and yoga pass (Recorded on 2025-01-20)
86,PlayStation Store RPG Purchase,Fun,3790.57,2025-01-21,false,Digital deluxe collector edition open world game (Recorded on 2025-01-21)
87,Municipal Water Authority,Bills,508.09,2025-01-21,true,Quarterly residential piped water supply charges (Recorded on 2025-01-21)
88,Uber Premier Commute,Transport,885.37,2025-01-21,false,Airport ride terminal 2 business flight (Recorded on 2025-01-21)
89,Metro Smart Card Recharge,Transport,768.82,2025-01-21,true,Monthly unlimited metro transit card recharge (Recorded on 2025-01-21)
90,Airtel 5G Fiber Broadband,Bills,1465.63,2025-01-22,true,1 Gbps symmetrical unlimited high-speed fiber plan (Recorded on 2025-01-22)
91,Auto Rickshaw Meter Fare,Transport,104.34,2025-01-22,true,Local city transit to metro station (Recorded on 2025-01-22)
92,Nike Marathon Running Shoes,Shopping,11668.96,2025-01-22,false,Long distance training air zoom cushion sneakers (Recorded on 2025-01-22)
93,Society Apartment Maintenance,Bills,5462.86,2025-01-22,true,Monthly housing security; backup generator & lift fee (Recorded on 2025-01-22)
94,Chai & Samosa Corner,Food,72.93,2025-01-22,true,Evening masala tea with team members (Recorded on 2025-01-22)
95,Shell Petrol Station Fuel,Transport,3108.27,2025-01-22,true,Full tank unleaded petrol for vehicle (Recorded on 2025-01-22)
96,IKEA Modular Desk Organizers,Shopping,3189.82,2025-01-23,false,Desk cable management units; drawer trays & LED (Recorded on 2025-01-23)
97,Board Game Pub & Cafe,Fun,1044.31,2025-01-23,false,Strategy game night craft beers and nacho platters (Recorded on 2025-01-23)
98,Express International Courier,Other,1119.54,2025-01-24,true,Expedited legal document international courier parcel (Recorded on 2025-01-24)
99,Whole Foods Grocery,Food,3293.14,2025-01-24,true,Weekly fresh vegetables; organic fruits and dairy (Recorded on 2025-01-24)
100,Electricity Power Utility,Bills,1412.06,2025-01-24,true,Monthly household air conditioning electricity bill (Recorded on 2025-01-24)
101,Apple Store MagSafe Battery,Shopping,10859.60,2025-01-24,false,Official magnetic fast wireless battery pack (Recorded on 2025-01-24)
102,Friend Wedding / Birthday Gift,Other,6028.34,2025-01-25,false,Custom engraved stainless steel wristwatch with box (Recorded on 2025-01-25)
103,Whole Foods Grocery,Food,1448.30,2025-01-25,true,Weekly fresh vegetables; organic fruits and dairy (Recorded on 2025-01-25)
104,Uniqlo Airism Essentials,Shopping,1282.86,2025-01-25,true,Innerwear; cooling undershirts and crew socks (Recorded on 2025-01-25)
105,Nike Marathon Running Shoes,Shopping,6018.56,2025-01-26,false,Long distance training air zoom cushion sneakers (Recorded on 2025-01-26)
106,Mobile 5G Postpaid Plan,Bills,1248.49,2025-01-26,true,Unlimited 5G corporate postpaid phone plan (Recorded on 2025-01-26)
107,Local Fruit Stall,Food,284.03,2025-01-26,true,Fresh seasonal Alphonso mangoes and apples (Recorded on 2025-01-26)
108,Board Game Pub & Cafe,Fun,768.21,2025-01-26,false,Strategy game night craft beers and nacho platters (Recorded on 2025-01-26)
109,Tech Conference Full Pass,Learn,8247.39,2025-01-27,true,Annual developer engineering summit registration (Recorded on 2025-01-27)
110,Spotify Premium Family Plan,Fun,1799.00,2025-01-27,false,Annual ad-free multi-user music streaming (Recorded on 2025-01-27)
111,Neighborhood Hardware Store,Shopping,1039.16,2025-01-27,true,Stainless screws; drywall anchors; drill accessories (Recorded on 2025-01-27)
112,Kindle Technical E-Books,Learn,584.52,2025-01-27,true,Software engineering architecture & financial books (Recorded on 2025-01-27)
113,Diagnostic Comprehensive Blood Panel,Health,4045.14,2025-01-27,true,Full body health checkup; liver and lipid profile (Recorded on 2025-01-27)
114,PlayStation Store RPG Purchase,Fun,3317.40,2025-01-27,false,Digital deluxe collector edition open world game (Recorded on 2025-01-27)
115,Kindle Technical E-Books,Learn,1093.94,2025-01-28,true,Software engineering architecture & financial books (Recorded on 2025-01-28)
116,Netflix 4K UltraHD Subscription,Fun,649.00,2025-01-28,false,Monthly family tier streaming account (Recorded on 2025-01-28)
117,Cult.fit Fitness Gym Pass,Health,8602.68,2025-01-29,true,Quarterly fitness center gym and yoga pass (Recorded on 2025-01-29)
118,Netflix 4K UltraHD Subscription,Fun,649.00,2025-01-29,false,Monthly family tier streaming account (Recorded on 2025-01-29)
119,Supermarket Staples,Food,4093.86,2025-01-29,true,Monthly pulses; basmati grains; spices and olive oil (Recorded on 2025-01-29)
120,iCloud / Google Cloud Storage,Bills,650.00,2025-01-29,true,2TB unified encrypted cloud backup subscription (Recorded on 2025-01-29)
121,Expressway FASTag Toll,Transport,410.69,2025-01-29,true,State expressway toll automated electronic debit (Recorded on 2025-01-29)
122,Tech Conference Full Pass,Learn,6155.75,2025-01-30,true,Annual developer engineering summit registration (Recorded on 2025-01-30)
123,Whole Foods Grocery,Food,4094.23,2025-01-30,true,Weekly fresh vegetables; organic fruits and dairy (Recorded on 2025-01-30)
124,Airtel 5G Fiber Broadband,Bills,1289.29,2025-01-30,true,1 Gbps symmetrical unlimited high-speed fiber plan (Recorded on 2025-01-30)
125,Electricity Power Utility,Bills,1768.57,2025-01-30,true,Monthly household air conditioning electricity bill (Recorded on 2025-01-30)
126,Coursera AI Specialization,Learn,4727.55,2025-01-30,true,Machine learning and deep neural networks lab (Recorded on 2025-01-30)
127,Diagnostic Comprehensive Blood Panel,Health,3594.28,2025-01-30,true,Full body health checkup; liver and lipid profile (Recorded on 2025-01-30)
128,Automobile Ceramic Detailing,Transport,3268.86,2025-01-31,false,Full interior vacuum; engine degrease and wash (Recorded on 2025-01-31)
129,PlayStation Store RPG Purchase,Fun,3087.77,2025-01-31,false,Digital deluxe collector edition open world game (Recorded on 2025-01-31)
130,Kindle Technical E-Books,Learn,839.94,2025-01-31,true,Software engineering architecture & financial books (Recorded on 2025-01-31)
131,PlayStation Store RPG Purchase,Fun,3861.59,2025-01-31,false,Digital deluxe collector edition open world game (Recorded on 2025-01-31)
132,Physiotherapy Posture Rehab,Health,1019.74,2025-01-31,true,Spine and cervical posture rehab therapy session (Recorded on 2025-01-31)
133,Expressway FASTag Toll,Transport,504.27,2025-01-31,true,State expressway toll automated electronic debit (Recorded on 2025-01-31)
134,Diagnostic Comprehensive Blood Panel,Health,3803.58,2025-02-01,true,Full body health checkup; liver and lipid profile (Recorded on 2025-02-01)
135,Zara Linen Summer Collection,Shopping,3845.65,2025-02-01,false,Breathable cotton casual button-up shirts (Recorded on 2025-02-01)
136,Udemy Masterclass Bootcamp,Learn,1191.41,2025-02-01,true,Full-stack distributed cloud architecture video course (Recorded on 2025-02-01)
137,Municipal Water Authority,Bills,623.97,2025-02-01,true,Quarterly residential piped water supply charges (Recorded on 2025-02-01)
138,Zomato Weekend Dinner,Food,1259.06,2025-02-01,false,Family gourmet pizza and pasta treat (Recorded on 2025-02-01)
139,Diagnostic Comprehensive Blood Panel,Health,3216.11,2025-02-02,true,Full body health checkup; liver and lipid profile (Recorded on 2025-02-02)
140,Concert Live Music Festival,Fun,5865.93,2025-02-02,false,Weekend rock concert arena general admission pass (Recorded on 2025-02-02)
141,Apple Store MagSafe Battery,Shopping,9069.59,2025-02-02,false,Official magnetic fast wireless battery pack (Recorded on 2025-02-02)
142,Apollo Pharmacy Prescription,Health,1554.87,2025-02-02,true,Prescription medication; vitamin D3 & omega-3 (Recorded on 2025-02-02)
143,Board Game Pub & Cafe,Fun,1006.98,2025-02-02,false,Strategy game night craft beers and nacho platters (Recorded on 2025-02-02)
144,Amazon Tech Essentials,Shopping,1005.34,2025-02-03,true,USB-C multi-port hub; braided cables & adapter (Recorded on 2025-02-03)
145,Friend Wedding / Birthday Gift,Other,6748.69,2025-02-03,false,Custom engraved stainless steel wristwatch with box (Recorded on 2025-02-03)
146,IRCTC Executive Train Ticket,Transport,1550.94,2025-02-03,true,Intercity executive AC chair car reservation (Recorded on 2025-02-03)
147,Board Game Pub & Cafe,Fun,1450.81,2025-02-04,false,Strategy game night craft beers and nacho platters (Recorded on 2025-02-04)
148,Charity Foundation Contribution,Other,1975.94,2025-02-04,false,Monthly child education and midday meal sponsorship (Recorded on 2025-02-04)
149,Whole Foods Grocery,Food,3768.79,2025-02-04,true,Weekly fresh vegetables; organic fruits and dairy (Recorded on 2025-02-04)
150,Netflix 4K UltraHD Subscription,Fun,649.00,2025-02-04,false,Monthly family tier streaming account (Recorded on 2025-02-04)
151,Dry Cleaning & Garment Care,Other,1268.89,2025-02-04,true,Winter wool coats; formal suits and blazers clean (Recorded on 2025-02-04)
152,IRCTC Executive Train Ticket,Transport,1143.34,2025-02-04,true,Intercity executive AC chair car reservation (Recorded on 2025-02-04)
153,Diagnostic Comprehensive Blood Panel,Health,3609.10,2025-02-05,true,Full body health checkup; liver and lipid profile (Recorded on 2025-02-05)
154,Tech Conference Full Pass,Learn,6729.57,2025-02-05,true,Annual developer engineering summit registration (Recorded on 2025-02-05)
155,Apple Store MagSafe Battery,Shopping,10622.99,2025-02-05,false,Official magnetic fast wireless battery pack (Recorded on 2025-02-05)
156,Express International Courier,Other,989.01,2025-02-05,true,Expedited legal document international courier parcel (Recorded on 2025-02-05)
157,iCloud / Google Cloud Storage,Bills,650.00,2025-02-05,true,2TB unified encrypted cloud backup subscription (Recorded on 2025-02-05)
158,Deep Home Sanitization Service,Other,3049.19,2025-02-06,true,Quarterly professional deep house cleaning and scrub (Recorded on 2025-02-06)
159,Expressway FASTag Toll,Transport,340.70,2025-02-06,true,State expressway toll automated electronic debit (Recorded on 2025-02-06)
160,Cult.fit Fitness Gym Pass,Health,8965.13,2025-02-06,true,Quarterly fitness center gym and yoga pass (Recorded on 2025-02-06)
161,Shell Petrol Station Fuel,Transport,2846.91,2025-02-06,true,Full tank unleaded petrol for vehicle (Recorded on 2025-02-06)
162,Udemy Masterclass Bootcamp,Learn,1264.14,2025-02-06,true,Full-stack distributed cloud architecture video course (Recorded on 2025-02-06)
163,Automobile Ceramic Detailing,Transport,2137.48,2025-02-06,false,Full interior vacuum; engine degrease and wash (Recorded on 2025-02-06)
164,Charity Foundation Contribution,Other,1249.06,2025-02-07,false,Monthly child education and midday meal sponsorship (Recorded on 2025-02-07)
165,Language Mastery Application,Learn,2903.84,2025-02-07,false,Annual conversational language learning subscription (Recorded on 2025-02-07)
166,Bakery Artisanal Bread & Pastry,Food,301.72,2025-02-07,true,Morning bakery supplies and sourdough loaf (Recorded on 2025-02-07)
167,Local Fruit Stall,Food,319.45,2025-02-07,true,Fresh seasonal Alphonso mangoes and apples (Recorded on 2025-02-07)
168,Language Mastery Application,Learn,2537.22,2025-02-07,false,Annual conversational language learning subscription (Recorded on 2025-02-07)
169,Go-Karting Speedway Grand Prix,Fun,1938.84,2025-02-07,false,Weekend competitive racing sessions with group (Recorded on 2025-02-07)
170,Dry Cleaning & Garment Care,Other,1066.63,2025-02-08,true,Winter wool coats; formal suits and blazers clean (Recorded on 2025-02-08)
171,Udemy Masterclass Bootcamp,Learn,1371.40,2025-02-08,true,Full-stack distributed cloud architecture video course (Recorded on 2025-02-08)
172,Uniqlo Airism Essentials,Shopping,2428.48,2025-02-08,true,Innerwear; cooling undershirts and crew socks (Recorded on 2025-02-08)
173,Tech Conference Full Pass,Learn,7321.96,2025-02-08,true,Annual developer engineering summit registration (Recorded on 2025-02-08)
174,Whole Foods Grocery,Food,3321.07,2025-02-08,true,Weekly fresh vegetables; organic fruits and dairy (Recorded on 2025-02-08)
175,Deep Home Sanitization Service,Other,2600.57,2025-02-09,true,Quarterly professional deep house cleaning and scrub (Recorded on 2025-02-09)
176,Coursera AI Specialization,Learn,4210.66,2025-02-09,true,Machine learning and deep neural networks lab (Recorded on 2025-02-09)
177,Cult.fit Fitness Gym Pass,Health,8306.15,2025-02-09,true,Quarterly fitness center gym and yoga pass (Recorded on 2025-02-09)
178,iCloud / Google Cloud Storage,Bills,650.00,2025-02-10,true,2TB unified encrypted cloud backup subscription (Recorded on 2025-02-10)
179,Coursera AI Specialization,Learn,4833.91,2025-02-10,true,Machine learning and deep neural networks lab (Recorded on 2025-02-10)
180,Dry Cleaning & Garment Care,Other,1498.83,2025-02-10,true,Winter wool coats; formal suits and blazers clean (Recorded on 2025-02-10)
181,Local Fruit Stall,Food,289.69,2025-02-10,true,Fresh seasonal Alphonso mangoes and apples (Recorded on 2025-02-10)
182,Uber Premier Commute,Transport,1166.52,2025-02-10,false,Airport ride terminal 2 business flight (Recorded on 2025-02-10)
183,Spotify Premium Family Plan,Fun,1799.00,2025-02-11,false,Annual ad-free multi-user music streaming (Recorded on 2025-02-11)
184,Bakery Artisanal Bread & Pastry,Food,228.76,2025-02-11,true,Morning bakery supplies and sourdough loaf (Recorded on 2025-02-11)
185,Nike Marathon Running Shoes,Shopping,10354.67,2025-02-11,false,Long distance training air zoom cushion sneakers (Recorded on 2025-02-11)
186,Go-Karting Speedway Grand Prix,Fun,2898.93,2025-02-12,false,Weekend competitive racing sessions with group (Recorded on 2025-02-12)
187,Dental Scaling & Oral Checkup,Health,1987.66,2025-02-12,true,Bi-annual preventive dental cleaning and exam (Recorded on 2025-02-12)
188,Shell Petrol Station Fuel,Transport,4718.86,2025-02-12,true,Full tank unleaded petrol for vehicle (Recorded on 2025-02-12)
189,Uber Premier Commute,Transport,1332.44,2025-02-12,false,Airport ride terminal 2 business flight (Recorded on 2025-02-12)
190,Language Mastery Application,Learn,2940.47,2025-02-12,false,Annual conversational language learning subscription (Recorded on 2025-02-12)
191,PVR IMAX 3D Recliner Tickets,Fun,1628.94,2025-02-12,false,Sci-fi movie premiere with large cheese popcorn (Recorded on 2025-02-12)
192,Expressway FASTag Toll,Transport,710.18,2025-02-13,true,State expressway toll automated electronic debit (Recorded on 2025-02-13)
193,Uber Premier Commute,Transport,779.84,2025-02-13,false,Airport ride terminal 2 business flight (Recorded on 2025-02-13)
194,Coursera AI Specialization,Learn,4067.96,2025-02-13,true,Machine learning and deep neural networks lab (Recorded on 2025-02-13)
195,Blinkit Quick Delivery,Food,350.25,2025-02-14,false,Midnight craving snacks; chocolate and ice cream (Recorded on 2025-02-14)
196,Automobile Ceramic Detailing,Transport,3409.81,2025-02-14,false,Full interior vacuum; engine degrease and wash (Recorded on 2025-02-14)
197,Deep Home Sanitization Service,Other,3370.97,2025-02-14,true,Quarterly professional deep house cleaning and scrub (Recorded on 2025-02-14)
198,Society Apartment Maintenance,Bills,5058.86,2025-02-14,true,Monthly housing security; backup generator & lift fee (Recorded on 2025-02-14)
199,Charity Foundation Contribution,Other,2742.30,2025-02-15,false,Monthly child education and midday meal sponsorship (Recorded on 2025-02-15)
200,Mobile 5G Postpaid Plan,Bills,1224.86,2025-02-15,true,Unlimited 5G corporate postpaid phone plan (Recorded on 2025-02-15)
201,Expressway FASTag Toll,Transport,728.98,2025-02-15,true,State expressway toll automated electronic debit (Recorded on 2025-02-15)
202,Spotify Premium Family Plan,Fun,1799.00,2025-02-15,false,Annual ad-free multi-user music streaming (Recorded on 2025-02-15)
203,Friend Wedding / Birthday Gift,Other,5551.66,2025-02-15,false,Custom engraved stainless steel wristwatch with box (Recorded on 2025-02-15)
204,Coursera AI Specialization,Learn,4027.70,2025-02-15,true,Machine learning and deep neural networks lab (Recorded on 2025-02-15)
205,Nike Marathon Running Shoes,Shopping,6695.96,2025-02-16,false,Long distance training air zoom cushion sneakers (Recorded on 2025-02-16)
206,Mobile 5G Postpaid Plan,Bills,938.83,2025-02-16,true,Unlimited 5G corporate postpaid phone plan (Recorded on 2025-02-16)
207,Society Apartment Maintenance,Bills,3223.35,2025-02-16,true,Monthly housing security; backup generator & lift fee (Recorded on 2025-02-16)
208,PVR IMAX 3D Recliner Tickets,Fun,1137.90,2025-02-16,false,Sci-fi movie premiere with large cheese popcorn (Recorded on 2025-02-16)
209,Friend Wedding / Birthday Gift,Other,6290.82,2025-02-17,false,Custom engraved stainless steel wristwatch with box (Recorded on 2025-02-17)
210,Charity Foundation Contribution,Other,2792.70,2025-02-17,false,Monthly child education and midday meal sponsorship (Recorded on 2025-02-17)
211,Whole Foods Grocery,Food,2170.98,2025-02-17,true,Weekly fresh vegetables; organic fruits and dairy (Recorded on 2025-02-17)
212,Udemy Masterclass Bootcamp,Learn,943.96,2025-02-17,true,Full-stack distributed cloud architecture video course (Recorded on 2025-02-17)
213,Diagnostic Comprehensive Blood Panel,Health,3472.99,2025-02-17,true,Full body health checkup; liver and lipid profile (Recorded on 2025-02-17)
214,Tech Conference Full Pass,Learn,6153.96,2025-02-18,true,Annual developer engineering summit registration (Recorded on 2025-02-18)
215,Express International Courier,Other,610.63,2025-02-18,true,Expedited legal document international courier parcel (Recorded on 2025-02-18)
216,PVR IMAX 3D Recliner Tickets,Fun,1809.80,2025-02-18,false,Sci-fi movie premiere with large cheese popcorn (Recorded on 2025-02-18)
217,Apollo Pharmacy Prescription,Health,1452.89,2025-02-18,true,Prescription medication; vitamin D3 & omega-3 (Recorded on 2025-02-18)
218,Netflix 4K UltraHD Subscription,Fun,649.00,2025-02-19,false,Monthly family tier streaming account (Recorded on 2025-02-19)
219,Express International Courier,Other,965.90,2025-02-19,true,Expedited legal document international courier parcel (Recorded on 2025-02-19)
220,Electricity Power Utility,Bills,4230.94,2025-02-19,true,Monthly household air conditioning electricity bill (Recorded on 2025-02-19)
221,PlayStation Store RPG Purchase,Fun,3357.88,2025-02-20,false,Digital deluxe collector edition open world game (Recorded on 2025-02-20)
222,Chai & Samosa Corner,Food,53.92,2025-02-20,true,Evening masala tea with team members (Recorded on 2025-02-20)
223,Swiggy Lunch Box,Food,316.01,2025-02-20,false,Office lunch meal with drink (Recorded on 2025-02-20)
224,Apple Store MagSafe Battery,Shopping,10636.92,2025-02-20,false,Official magnetic fast wireless battery pack (Recorded on 2025-02-20)
225,Uber Premier Commute,Transport,995.36,2025-02-21,false,Airport ride terminal 2 business flight (Recorded on 2025-02-21)
226,Charity Foundation Contribution,Other,2761.88,2025-02-21,false,Monthly child education and midday meal sponsorship (Recorded on 2025-02-21)
227,Amazon Tech Essentials,Shopping,1479.95,2025-02-21,true,USB-C multi-port hub; braided cables & adapter (Recorded on 2025-02-21)
228,Dry Cleaning & Garment Care,Other,1586.54,2025-02-21,true,Winter wool coats; formal suits and blazers clean (Recorded on 2025-02-21)
229,Language Mastery Application,Learn,2073.08,2025-02-21,false,Annual conversational language learning subscription (Recorded on 2025-02-21)
230,Zara Linen Summer Collection,Shopping,5291.23,2025-02-22,false,Breathable cotton casual button-up shirts (Recorded on 2025-02-22)
231,Electricity Power Utility,Bills,4779.32,2025-02-22,true,Monthly household air conditioning electricity bill (Recorded on 2025-02-22)
232,Tech Conference Full Pass,Learn,7480.63,2025-02-23,true,Annual developer engineering summit registration (Recorded on 2025-02-23)
233,Spotify Premium Family Plan,Fun,1799.00,2025-02-23,false,Annual ad-free multi-user music streaming (Recorded on 2025-02-23)
234,Language Mastery Application,Learn,2907.50,2025-02-24,false,Annual conversational language learning subscription (Recorded on 2025-02-24)
235,iCloud / Google Cloud Storage,Bills,650.00,2025-02-24,true,2TB unified encrypted cloud backup subscription (Recorded on 2025-02-24)
236,Coursera AI Specialization,Learn,4567.63,2025-02-24,true,Machine learning and deep neural networks lab (Recorded on 2025-02-24)
237,Bakery Artisanal Bread & Pastry,Food,487.23,2025-02-24,true,Morning bakery supplies and sourdough loaf (Recorded on 2025-02-24)
238,Auto Rickshaw Meter Fare,Transport,135.06,2025-02-24,true,Local city transit to metro station (Recorded on 2025-02-24)
239,LPG Cooking Gas Cylinder Refill,Bills,858.12,2025-02-24,true,Indane domestic LPG home delivery (Recorded on 2025-02-24)
240,Uniqlo Airism Essentials,Shopping,1372.65,2025-02-25,true,Innerwear; cooling undershirts and crew socks (Recorded on 2025-02-25)
241,Blinkit Quick Delivery,Food,246.14,2025-02-25,false,Midnight craving snacks; chocolate and ice cream (Recorded on 2025-02-25)
242,Express International Courier,Other,377.74,2025-02-25,true,Expedited legal document international courier parcel (Recorded on 2025-02-25)
243,LPG Cooking Gas Cylinder Refill,Bills,935.96,2025-02-26,true,Indane domestic LPG home delivery (Recorded on 2025-02-26)
244,Auto Rickshaw Meter Fare,Transport,170.87,2025-02-26,true,Local city transit to metro station (Recorded on 2025-02-26)
245,Go-Karting Speedway Grand Prix,Fun,1729.55,2025-02-26,false,Weekend competitive racing sessions with group (Recorded on 2025-02-26)
246,Board Game Pub & Cafe,Fun,821.34,2025-02-26,false,Strategy game night craft beers and nacho platters (Recorded on 2025-02-26)
247,Amazon Tech Essentials,Shopping,1036.23,2025-02-27,true,USB-C multi-port hub; braided cables & adapter (Recorded on 2025-02-27)
248,Society Apartment Maintenance,Bills,4922.60,2025-02-27,true,Monthly housing security; backup generator & lift fee (Recorded on 2025-02-27)
249,Municipal Water Authority,Bills,412.18,2025-02-27,true,Quarterly residential piped water supply charges (Recorded on 2025-02-27)
250,LPG Cooking Gas Cylinder Refill,Bills,890.25,2025-02-27,true,Indane domestic LPG home delivery (Recorded on 2025-02-27)
251,Charity Foundation Contribution,Other,1321.77,2025-02-28,false,Monthly child education and midday meal sponsorship (Recorded on 2025-02-28)
252,Blinkit Quick Delivery,Food,325.67,2025-02-28,false,Midnight craving snacks; chocolate and ice cream (Recorded on 2025-02-28)
253,Electricity Power Utility,Bills,1710.51,2025-02-28,true,Monthly household air conditioning electricity bill (Recorded on 2025-02-28)
254,Zomato Weekend Dinner,Food,1722.00,2025-02-28,false,Family gourmet pizza and pasta treat (Recorded on 2025-02-28)
255,Friend Wedding / Birthday Gift,Other,5757.55,2025-03-01,false,Custom engraved stainless steel wristwatch with box (Recorded on 2025-03-01)
256,Airtel 5G Fiber Broadband,Bills,1497.47,2025-03-01,true,1 Gbps symmetrical unlimited high-speed fiber plan (Recorded on 2025-03-01)
257,Language Mastery Application,Learn,2968.06,2025-03-01,false,Annual conversational language learning subscription (Recorded on 2025-03-01)
258,Diagnostic Comprehensive Blood Panel,Health,2966.61,2025-03-02,true,Full body health checkup; liver and lipid profile (Recorded on 2025-03-02)
259,Shell Petrol Station Fuel,Transport,3258.55,2025-03-02,true,Full tank unleaded petrol for vehicle (Recorded on 2025-03-02)
260,Express International Courier,Other,913.20,2025-03-02,true,Expedited legal document international courier parcel (Recorded on 2025-03-02)
261,Tech Conference Full Pass,Learn,4683.49,2025-03-02,true,Annual developer engineering summit registration (Recorded on 2025-03-02)
262,City Mall Parking Fee,Transport,150.48,2025-03-02,false,Multi-level basement underground parking validation (Recorded on 2025-03-02)
263,Tech Conference Full Pass,Learn,8624.64,2025-03-03,true,Annual developer engineering summit registration (Recorded on 2025-03-03)
264,Chai & Samosa Corner,Food,90.82,2025-03-03,true,Evening masala tea with team members (Recorded on 2025-03-03)
265,Concert Live Music Festival,Fun,5308.90,2025-03-04,false,Weekend rock concert arena general admission pass (Recorded on 2025-03-04)
266,Charity Foundation Contribution,Other,4039.96,2025-03-04,false,Monthly child education and midday meal sponsorship (Recorded on 2025-03-04)
267,Society Apartment Maintenance,Bills,3501.33,2025-03-05,true,Monthly housing security; backup generator & lift fee (Recorded on 2025-03-05)
268,Municipal Water Authority,Bills,790.42,2025-03-05,true,Quarterly residential piped water supply charges (Recorded on 2025-03-05)
269,Dry Cleaning & Garment Care,Other,634.64,2025-03-05,true,Winter wool coats; formal suits and blazers clean (Recorded on 2025-03-05)
270,Board Game Pub & Cafe,Fun,832.13,2025-03-06,false,Strategy game night craft beers and nacho platters (Recorded on 2025-03-06)
271,Chai & Samosa Corner,Food,84.88,2025-03-06,true,Evening masala tea with team members (Recorded on 2025-03-06)
272,Spotify Premium Family Plan,Fun,1799.00,2025-03-06,false,Annual ad-free multi-user music streaming (Recorded on 2025-03-06)
273,IRCTC Executive Train Ticket,Transport,2323.24,2025-03-06,true,Intercity executive AC chair car reservation (Recorded on 2025-03-06)
274,Nike Marathon Running Shoes,Shopping,12460.22,2025-03-06,false,Long distance training air zoom cushion sneakers (Recorded on 2025-03-06)
275,Society Apartment Maintenance,Bills,4822.45,2025-03-06,true,Monthly housing security; backup generator & lift fee (Recorded on 2025-03-06)
276,Charity Foundation Contribution,Other,1974.92,2025-03-07,false,Monthly child education and midday meal sponsorship (Recorded on 2025-03-07)
277,Nike Marathon Running Shoes,Shopping,6523.88,2025-03-07,false,Long distance training air zoom cushion sneakers (Recorded on 2025-03-07)
278,Neighborhood Hardware Store,Shopping,409.34,2025-03-07,true,Stainless screws; drywall anchors; drill accessories (Recorded on 2025-03-07)
279,Coursera AI Specialization,Learn,4933.25,2025-03-07,true,Machine learning and deep neural networks lab (Recorded on 2025-03-07)
280,iCloud / Google Cloud Storage,Bills,650.00,2025-03-07,true,2TB unified encrypted cloud backup subscription (Recorded on 2025-03-07)
281,LPG Cooking Gas Cylinder Refill,Bills,879.86,2025-03-08,true,Indane domestic LPG home delivery (Recorded on 2025-03-08)
282,Deep Home Sanitization Service,Other,3393.09,2025-03-08,true,Quarterly professional deep house cleaning and scrub (Recorded on 2025-03-08)
283,Cult.fit Fitness Gym Pass,Health,7259.59,2025-03-09,true,Quarterly fitness center gym and yoga pass (Recorded on 2025-03-09)
284,Language Mastery Application,Learn,2931.85,2025-03-09,false,Annual conversational language learning subscription (Recorded on 2025-03-09)
285,Board Game Pub & Cafe,Fun,924.63,2025-03-09,false,Strategy game night craft beers and nacho platters (Recorded on 2025-03-09)
286,Udemy Masterclass Bootcamp,Learn,1383.81,2025-03-09,true,Full-stack distributed cloud architecture video course (Recorded on 2025-03-09)
287,Kindle Technical E-Books,Learn,688.63,2025-03-09,true,Software engineering architecture & financial books (Recorded on 2025-03-09)
288,Language Mastery Application,Learn,2987.41,2025-03-10,false,Annual conversational language learning subscription (Recorded on 2025-03-10)
289,Nike Marathon Running Shoes,Shopping,12717.60,2025-03-10,false,Long distance training air zoom cushion sneakers (Recorded on 2025-03-10)
290,Uniqlo Airism Essentials,Shopping,3420.31,2025-03-10,true,Innerwear; cooling undershirts and crew socks (Recorded on 2025-03-10)
291,Apollo Pharmacy Prescription,Health,1630.16,2025-03-10,true,Prescription medication; vitamin D3 & omega-3 (Recorded on 2025-03-10)
292,Dry Cleaning & Garment Care,Other,1231.14,2025-03-10,true,Winter wool coats; formal suits and blazers clean (Recorded on 2025-03-10)
293,Starbucks Latte & Croissant,Food,554.99,2025-03-11,false,Meeting client over coffee & cookies (Recorded on 2025-03-11)
294,Amazon Tech Essentials,Shopping,1979.30,2025-03-11,true,USB-C multi-port hub; braided cables & adapter (Recorded on 2025-03-11)
295,Mobile 5G Postpaid Plan,Bills,1110.63,2025-03-11,true,Unlimited 5G corporate postpaid phone plan (Recorded on 2025-03-11)
296,Kindle Technical E-Books,Learn,1088.82,2025-03-11,true,Software engineering architecture & financial books (Recorded on 2025-03-11)
297,Coursera AI Specialization,Learn,4625.80,2025-03-11,true,Machine learning and deep neural networks lab (Recorded on 2025-03-11)
298,Bakery Artisanal Bread & Pastry,Food,201.89,2025-03-12,true,Morning bakery supplies and sourdough loaf (Recorded on 2025-03-12)
299,Airtel 5G Fiber Broadband,Bills,1372.38,2025-03-12,true,1 Gbps symmetrical unlimited high-speed fiber plan (Recorded on 2025-03-12)
300,Kindle Technical E-Books,Learn,1020.28,2025-03-12,true,Software engineering architecture & financial books (Recorded on 2025-03-12)
301,IRCTC Executive Train Ticket,Transport,1191.23,2025-03-12,true,Intercity executive AC chair car reservation (Recorded on 2025-03-12)
302,Electricity Power Utility,Bills,1556.37,2025-03-12,true,Monthly household air conditioning electricity bill (Recorded on 2025-03-12)
303,Mobile 5G Postpaid Plan,Bills,986.42,2025-03-13,true,Unlimited 5G corporate postpaid phone plan (Recorded on 2025-03-13)
304,Zara Linen Summer Collection,Shopping,4255.32,2025-03-13,false,Breathable cotton casual button-up shirts (Recorded on 2025-03-13)
305,Zara Linen Summer Collection,Shopping,2937.76,2025-03-14,false,Breathable cotton casual button-up shirts (Recorded on 2025-03-14)
306,Tech Conference Full Pass,Learn,7915.67,2025-03-14,true,Annual developer engineering summit registration (Recorded on 2025-03-14)
307,Friend Wedding / Birthday Gift,Other,3215.59,2025-03-14,false,Custom engraved stainless steel wristwatch with box (Recorded on 2025-03-14)
308,Express International Courier,Other,740.63,2025-03-14,true,Expedited legal document international courier parcel (Recorded on 2025-03-14)
309,Fine Dining Restaurant,Food,8857.86,2025-03-14,false,Special anniversary dinner buffet (Recorded on 2025-03-14)
310,Amazon Tech Essentials,Shopping,1915.42,2025-03-14,true,USB-C multi-port hub; braided cables & adapter (Recorded on 2025-03-14)
311,LPG Cooking Gas Cylinder Refill,Bills,946.20,2025-03-15,true,Indane domestic LPG home delivery (Recorded on 2025-03-15)
312,Municipal Water Authority,Bills,772.65,2025-03-15,true,Quarterly residential piped water supply charges (Recorded on 2025-03-15)
313,Go-Karting Speedway Grand Prix,Fun,3206.67,2025-03-15,false,Weekend competitive racing sessions with group (Recorded on 2025-03-15)
314,Auto Rickshaw Meter Fare,Transport,105.76,2025-03-15,true,Local city transit to metro station (Recorded on 2025-03-15)
315,LPG Cooking Gas Cylinder Refill,Bills,879.52,2025-03-16,true,Indane domestic LPG home delivery (Recorded on 2025-03-16)
316,Coursera AI Specialization,Learn,4007.10,2025-03-16,true,Machine learning and deep neural networks lab (Recorded on 2025-03-16)
317,Bakery Artisanal Bread & Pastry,Food,418.46,2025-03-16,true,Morning bakery supplies and sourdough loaf (Recorded on 2025-03-16)
318,iCloud / Google Cloud Storage,Bills,650.00,2025-03-16,true,2TB unified encrypted cloud backup subscription (Recorded on 2025-03-16)
319,Dental Scaling & Oral Checkup,Health,2027.60,2025-03-17,true,Bi-annual preventive dental cleaning and exam (Recorded on 2025-03-17)
320,LPG Cooking Gas Cylinder Refill,Bills,925.56,2025-03-17,true,Indane domestic LPG home delivery (Recorded on 2025-03-17)
321,Apple Store MagSafe Battery,Shopping,9094.33,2025-03-17,false,Official magnetic fast wireless battery pack (Recorded on 2025-03-17)
322,iCloud / Google Cloud Storage,Bills,650.00,2025-03-18,true,2TB unified encrypted cloud backup subscription (Recorded on 2025-03-18)
323,Dry Cleaning & Garment Care,Other,1295.49,2025-03-18,true,Winter wool coats; formal suits and blazers clean (Recorded on 2025-03-18)
324,Expressway FASTag Toll,Transport,396.03,2025-03-19,true,State expressway toll automated electronic debit (Recorded on 2025-03-19)
325,Udemy Masterclass Bootcamp,Learn,859.64,2025-03-19,true,Full-stack distributed cloud architecture video course (Recorded on 2025-03-19)
326,Physiotherapy Posture Rehab,Health,1151.26,2025-03-19,true,Spine and cervical posture rehab therapy session (Recorded on 2025-03-19)
327,IKEA Modular Desk Organizers,Shopping,6984.21,2025-03-20,false,Desk cable management units; drawer trays & LED (Recorded on 2025-03-20)
328,Express International Courier,Other,984.58,2025-03-20,true,Expedited legal document international courier parcel (Recorded on 2025-03-20)
329,Apollo Pharmacy Prescription,Health,1082.25,2025-03-20,true,Prescription medication; vitamin D3 & omega-3 (Recorded on 2025-03-20)
330,Shell Petrol Station Fuel,Transport,4234.55,2025-03-20,true,Full tank unleaded petrol for vehicle (Recorded on 2025-03-20)
331,Tech Conference Full Pass,Learn,6328.88,2025-03-21,true,Annual developer engineering summit registration (Recorded on 2025-03-21)
332,Kindle Technical E-Books,Learn,648.34,2025-03-21,true,Software engineering architecture & financial books (Recorded on 2025-03-21)
333,IRCTC Executive Train Ticket,Transport,1484.45,2025-03-21,true,Intercity executive AC chair car reservation (Recorded on 2025-03-21)
334,Coursera AI Specialization,Learn,4107.35,2025-03-22,true,Machine learning and deep neural networks lab (Recorded on 2025-03-22)
335,Go-Karting Speedway Grand Prix,Fun,1550.05,2025-03-22,false,Weekend competitive racing sessions with group (Recorded on 2025-03-22)
336,Physiotherapy Posture Rehab,Health,954.96,2025-03-22,true,Spine and cervical posture rehab therapy session (Recorded on 2025-03-22)
337,IRCTC Executive Train Ticket,Transport,2268.61,2025-03-22,true,Intercity executive AC chair car reservation (Recorded on 2025-03-22)
338,Kindle Technical E-Books,Learn,554.83,2025-03-23,true,Software engineering architecture & financial books (Recorded on 2025-03-23)
339,Zomato Weekend Dinner,Food,2393.48,2025-03-23,false,Family gourmet pizza and pasta treat (Recorded on 2025-03-23)
340,Metro Smart Card Recharge,Transport,617.40,2025-03-23,true,Monthly unlimited metro transit card recharge (Recorded on 2025-03-23)
341,Nike Marathon Running Shoes,Shopping,8628.15,2025-03-23,false,Long distance training air zoom cushion sneakers (Recorded on 2025-03-23)
342,Tech Conference Full Pass,Learn,8211.35,2025-03-24,true,Annual developer engineering summit registration (Recorded on 2025-03-24)
343,Nike Marathon Running Shoes,Shopping,10238.38,2025-03-24,false,Long distance training air zoom cushion sneakers (Recorded on 2025-03-24)
344,Friend Wedding / Birthday Gift,Other,4540.58,2025-03-24,false,Custom engraved stainless steel wristwatch with box (Recorded on 2025-03-24)
345,Electricity Power Utility,Bills,3746.95,2025-03-24,true,Monthly household air conditioning electricity bill (Recorded on 2025-03-24)
346,Go-Karting Speedway Grand Prix,Fun,2389.39,2025-03-24,false,Weekend competitive racing sessions with group (Recorded on 2025-03-24)
347,Spotify Premium Family Plan,Fun,1799.00,2025-03-24,false,Annual ad-free multi-user music streaming (Recorded on 2025-03-24)
348,City Mall Parking Fee,Transport,208.89,2025-03-25,false,Multi-level basement underground parking validation (Recorded on 2025-03-25)
349,Apollo Pharmacy Prescription,Health,987.49,2025-03-25,true,Prescription medication; vitamin D3 & omega-3 (Recorded on 2025-03-25)
350,PVR IMAX 3D Recliner Tickets,Fun,2128.62,2025-03-25,false,Sci-fi movie premiere with large cheese popcorn (Recorded on 2025-03-25)
351,Dry Cleaning & Garment Care,Other,1395.32,2025-03-25,true,Winter wool coats; formal suits and blazers clean (Recorded on 2025-03-25)
352,Swiggy Lunch Box,Food,386.04,2025-03-26,false,Office lunch meal with drink (Recorded on 2025-03-26)
353,Netflix 4K UltraHD Subscription,Fun,649.00,2025-03-26,false,Monthly family tier streaming account (Recorded on 2025-03-26)
354,PVR IMAX 3D Recliner Tickets,Fun,1961.74,2025-03-26,false,Sci-fi movie premiere with large cheese popcorn (Recorded on 2025-03-26)
355,Concert Live Music Festival,Fun,4579.76,2025-03-26,false,Weekend rock concert arena general admission pass (Recorded on 2025-03-26)
356,PlayStation Store RPG Purchase,Fun,4547.74,2025-03-26,false,Digital deluxe collector edition open world game (Recorded on 2025-03-26)
357,Zomato Weekend Dinner,Food,2173.45,2025-03-26,false,Family gourmet pizza and pasta treat (Recorded on 2025-03-26)
358,Uniqlo Airism Essentials,Shopping,1776.50,2025-03-27,true,Innerwear; cooling undershirts and crew socks (Recorded on 2025-03-27)
359,Amazon Tech Essentials,Shopping,2420.09,2025-03-27,true,USB-C multi-port hub; braided cables & adapter (Recorded on 2025-03-27)
360,Starbucks Latte & Croissant,Food,357.43,2025-03-27,false,Meeting client over coffee & cookies (Recorded on 2025-03-27)
361,Apollo Pharmacy Prescription,Health,685.23,2025-03-28,true,Prescription medication; vitamin D3 & omega-3 (Recorded on 2025-03-28)
362,Starbucks Latte & Croissant,Food,720.86,2025-03-28,false,Meeting client over coffee & cookies (Recorded on 2025-03-28)
363,Metro Smart Card Recharge,Transport,738.12,2025-03-28,true,Monthly unlimited metro transit card recharge (Recorded on 2025-03-28)
364,IRCTC Executive Train Ticket,Transport,1680.57,2025-03-29,true,Intercity executive AC chair car reservation (Recorded on 2025-03-29)
365,Chai & Samosa Corner,Food,73.18,2025-03-29,true,Evening masala tea with team members (Recorded on 2025-03-29)
366,Swiggy Lunch Box,Food,449.58,2025-03-29,false,Office lunch meal with drink (Recorded on 2025-03-29)
367,Language Mastery Application,Learn,2685.10,2025-03-29,false,Annual conversational language learning subscription (Recorded on 2025-03-29)
368,Dry Cleaning & Garment Care,Other,1679.12,2025-03-30,true,Winter wool coats; formal suits and blazers clean (Recorded on 2025-03-30)
369,Physiotherapy Posture Rehab,Health,903.83,2025-03-30,true,Spine and cervical posture rehab therapy session (Recorded on 2025-03-30)
370,IKEA Modular Desk Organizers,Shopping,5245.53,2025-03-30,false,Desk cable management units; drawer trays & LED (Recorded on 2025-03-30)
371,Diagnostic Comprehensive Blood Panel,Health,4487.64,2025-03-30,true,Full body health checkup; liver and lipid profile (Recorded on 2025-03-30)
372,Municipal Water Authority,Bills,602.78,2025-03-30,true,Quarterly residential piped water supply charges (Recorded on 2025-03-30)
373,Metro Smart Card Recharge,Transport,926.40,2025-03-31,true,Monthly unlimited metro transit card recharge (Recorded on 2025-03-31)
374,Go-Karting Speedway Grand Prix,Fun,2403.11,2025-03-31,false,Weekend competitive racing sessions with group (Recorded on 2025-03-31)
375,Go-Karting Speedway Grand Prix,Fun,2177.86,2025-03-31,false,Weekend competitive racing sessions with group (Recorded on 2025-03-31)
376,Charity Foundation Contribution,Other,2663.96,2025-03-31,false,Monthly child education and midday meal sponsorship (Recorded on 2025-03-31)
377,City Mall Parking Fee,Transport,185.35,2025-03-31,false,Multi-level basement underground parking validation (Recorded on 2025-03-31)
378,Dental Scaling & Oral Checkup,Health,2092.87,2025-04-01,true,Bi-annual preventive dental cleaning and exam (Recorded on 2025-04-01)
379,Dry Cleaning & Garment Care,Other,709.47,2025-04-01,true,Winter wool coats; formal suits and blazers clean (Recorded on 2025-04-01)
380,Metro Smart Card Recharge,Transport,715.94,2025-04-01,true,Monthly unlimited metro transit card recharge (Recorded on 2025-04-01)
381,Dental Scaling & Oral Checkup,Health,1923.28,2025-04-01,true,Bi-annual preventive dental cleaning and exam (Recorded on 2025-04-01)
382,Optometry Eye Checkup & Frames,Health,2901.15,2025-04-02,true,Blue-light blocking high-index prescription lenses (Recorded on 2025-04-02)
383,Optometry Eye Checkup & Frames,Health,6258.63,2025-04-02,true,Blue-light blocking high-index prescription lenses (Recorded on 2025-04-02)
384,Kindle Technical E-Books,Learn,1176.30,2025-04-02,true,Software engineering architecture & financial books (Recorded on 2025-04-02)
385,Mobile 5G Postpaid Plan,Bills,850.80,2025-04-02,true,Unlimited 5G corporate postpaid phone plan (Recorded on 2025-04-02)
386,Netflix 4K UltraHD Subscription,Fun,649.00,2025-04-02,false,Monthly family tier streaming account (Recorded on 2025-04-02)
387,Deep Home Sanitization Service,Other,4194.55,2025-04-02,true,Quarterly professional deep house cleaning and scrub (Recorded on 2025-04-02)
388,Apollo Pharmacy Prescription,Health,1479.52,2025-04-03,true,Prescription medication; vitamin D3 & omega-3 (Recorded on 2025-04-03)
389,Spotify Premium Family Plan,Fun,1799.00,2025-04-03,false,Annual ad-free multi-user music streaming (Recorded on 2025-04-03)
390,Tech Conference Full Pass,Learn,9372.73,2025-04-03,true,Annual developer engineering summit registration (Recorded on 2025-04-03)
391,Bakery Artisanal Bread & Pastry,Food,477.31,2025-04-03,true,Morning bakery supplies and sourdough loaf (Recorded on 2025-04-03)
392,Starbucks Latte & Croissant,Food,486.64,2025-04-04,false,Meeting client over coffee & cookies (Recorded on 2025-04-04)
393,Mobile 5G Postpaid Plan,Bills,974.51,2025-04-04,true,Unlimited 5G corporate postpaid phone plan (Recorded on 2025-04-04)
394,Neighborhood Hardware Store,Shopping,471.76,2025-04-04,true,Stainless screws; drywall anchors; drill accessories (Recorded on 2025-04-04)
395,Kindle Technical E-Books,Learn,556.41,2025-04-04,true,Software engineering architecture & financial books (Recorded on 2025-04-04)
396,Auto Rickshaw Meter Fare,Transport,105.14,2025-04-05,true,Local city transit to metro station (Recorded on 2025-04-05)
397,Express International Courier,Other,483.80,2025-04-05,true,Expedited legal document international courier parcel (Recorded on 2025-04-05)
398,Physiotherapy Posture Rehab,Health,1217.36,2025-04-06,true,Spine and cervical posture rehab therapy session (Recorded on 2025-04-06)
399,Starbucks Latte & Croissant,Food,428.70,2025-04-06,false,Meeting client over coffee & cookies (Recorded on 2025-04-06)
400,Whole Foods Grocery,Food,2097.94,2025-04-06,true,Weekly fresh vegetables; organic fruits and dairy (Recorded on 2025-04-06)
401,Language Mastery Application,Learn,2606.08,2025-04-06,false,Annual conversational language learning subscription (Recorded on 2025-04-06)
402,Airtel 5G Fiber Broadband,Bills,1376.47,2025-04-07,true,1 Gbps symmetrical unlimited high-speed fiber plan (Recorded on 2025-04-07)
403,City Mall Parking Fee,Transport,185.98,2025-04-07,false,Multi-level basement underground parking validation (Recorded on 2025-04-07)
404,LPG Cooking Gas Cylinder Refill,Bills,917.85,2025-04-07,true,Indane domestic LPG home delivery (Recorded on 2025-04-07)
405,Friend Wedding / Birthday Gift,Other,5835.66,2025-04-07,false,Custom engraved stainless steel wristwatch with box (Recorded on 2025-04-07)
406,Supermarket Staples,Food,4081.05,2025-04-07,true,Monthly pulses; basmati grains; spices and olive oil (Recorded on 2025-04-07)
407,Swiggy Lunch Box,Food,211.33,2025-04-08,false,Office lunch meal with drink (Recorded on 2025-04-08)
408,Spotify Premium Family Plan,Fun,1799.00,2025-04-08,false,Annual ad-free multi-user music streaming (Recorded on 2025-04-08)
409,Neighborhood Hardware Store,Shopping,567.19,2025-04-08,true,Stainless screws; drywall anchors; drill accessories (Recorded on 2025-04-08)
410,Apollo Pharmacy Prescription,Health,460.44,2025-04-08,true,Prescription medication; vitamin D3 & omega-3 (Recorded on 2025-04-08)
411,Udemy Masterclass Bootcamp,Learn,802.35,2025-04-08,true,Full-stack distributed cloud architecture video course (Recorded on 2025-04-08)
412,Concert Live Music Festival,Fun,6293.62,2025-04-08,false,Weekend rock concert arena general admission pass (Recorded on 2025-04-08)
413,Automobile Ceramic Detailing,Transport,3182.06,2025-04-09,false,Full interior vacuum; engine degrease and wash (Recorded on 2025-04-09)
414,Blinkit Quick Delivery,Food,125.25,2025-04-09,false,Midnight craving snacks; chocolate and ice cream (Recorded on 2025-04-09)
415,City Mall Parking Fee,Transport,215.15,2025-04-09,false,Multi-level basement underground parking validation (Recorded on 2025-04-09)
416,Language Mastery Application,Learn,2288.52,2025-04-09,false,Annual conversational language learning subscription (Recorded on 2025-04-09)
417,Local Fruit Stall,Food,268.75,2025-04-10,true,Fresh seasonal Alphonso mangoes and apples (Recorded on 2025-04-10)
418,Express International Courier,Other,424.91,2025-04-10,true,Expedited legal document international courier parcel (Recorded on 2025-04-10)
419,Auto Rickshaw Meter Fare,Transport,112.28,2025-04-10,true,Local city transit to metro station (Recorded on 2025-04-10)
420,Tech Conference Full Pass,Learn,4893.24,2025-04-10,true,Annual developer engineering summit registration (Recorded on 2025-04-10)
421,LPG Cooking Gas Cylinder Refill,Bills,883.95,2025-04-10,true,Indane domestic LPG home delivery (Recorded on 2025-04-10)
422,Amazon Tech Essentials,Shopping,2073.62,2025-04-11,true,USB-C multi-port hub; braided cables & adapter (Recorded on 2025-04-11)
423,Auto Rickshaw Meter Fare,Transport,168.71,2025-04-11,true,Local city transit to metro station (Recorded on 2025-04-11)
424,Cult.fit Fitness Gym Pass,Health,8136.90,2025-04-11,true,Quarterly fitness center gym and yoga pass (Recorded on 2025-04-11)
425,Zara Linen Summer Collection,Shopping,2670.38,2025-04-11,false,Breathable cotton casual button-up shirts (Recorded on 2025-04-11)
426,Netflix 4K UltraHD Subscription,Fun,649.00,2025-04-12,false,Monthly family tier streaming account (Recorded on 2025-04-12)
427,Neighborhood Hardware Store,Shopping,995.28,2025-04-12,true,Stainless screws; drywall anchors; drill accessories (Recorded on 2025-04-12)
428,Shell Petrol Station Fuel,Transport,4687.97,2025-04-12,true,Full tank unleaded petrol for vehicle (Recorded on 2025-04-12)
429,Charity Foundation Contribution,Other,4017.78,2025-04-12,false,Monthly child education and midday meal sponsorship (Recorded on 2025-04-12)
430,Friend Wedding / Birthday Gift,Other,5714.96,2025-04-13,false,Custom engraved stainless steel wristwatch with box (Recorded on 2025-04-13)
431,Optometry Eye Checkup & Frames,Health,3696.17,2025-04-13,true,Blue-light blocking high-index prescription lenses (Recorded on 2025-04-13)
432,Dry Cleaning & Garment Care,Other,1162.71,2025-04-13,true,Winter wool coats; formal suits and blazers clean (Recorded on 2025-04-13)
433,iCloud / Google Cloud Storage,Bills,650.00,2025-04-13,true,2TB unified encrypted cloud backup subscription (Recorded on 2025-04-13)
434,Society Apartment Maintenance,Bills,3329.20,2025-04-13,true,Monthly housing security; backup generator & lift fee (Recorded on 2025-04-13)
435,Expressway FASTag Toll,Transport,477.05,2025-04-13,true,State expressway toll automated electronic debit (Recorded on 2025-04-13)
436,Local Fruit Stall,Food,532.68,2025-04-14,true,Fresh seasonal Alphonso mangoes and apples (Recorded on 2025-04-14)
437,Metro Smart Card Recharge,Transport,807.50,2025-04-14,true,Monthly unlimited metro transit card recharge (Recorded on 2025-04-14)
438,Language Mastery Application,Learn,2579.33,2025-04-15,false,Annual conversational language learning subscription (Recorded on 2025-04-15)
439,Fine Dining Restaurant,Food,8908.82,2025-04-15,false,Special anniversary dinner buffet (Recorded on 2025-04-15)
440,PlayStation Store RPG Purchase,Fun,4209.01,2025-04-15,false,Digital deluxe collector edition open world game (Recorded on 2025-04-15)
441,Amazon Tech Essentials,Shopping,1935.65,2025-04-15,true,USB-C multi-port hub; braided cables & adapter (Recorded on 2025-04-15)
442,Optometry Eye Checkup & Frames,Health,2745.75,2025-04-15,true,Blue-light blocking high-index prescription lenses (Recorded on 2025-04-15)
443,Amazon Tech Essentials,Shopping,1469.06,2025-04-15,true,USB-C multi-port hub; braided cables & adapter (Recorded on 2025-04-15)
444,Friend Wedding / Birthday Gift,Other,5113.74,2025-04-16,false,Custom engraved stainless steel wristwatch with box (Recorded on 2025-04-16)
445,IKEA Modular Desk Organizers,Shopping,3736.48,2025-04-16,false,Desk cable management units; drawer trays & LED (Recorded on 2025-04-16)
446,Municipal Water Authority,Bills,554.38,2025-04-16,true,Quarterly residential piped water supply charges (Recorded on 2025-04-16)
447,Optometry Eye Checkup & Frames,Health,4851.33,2025-04-16,true,Blue-light blocking high-index prescription lenses (Recorded on 2025-04-16)
448,Apollo Pharmacy Prescription,Health,895.08,2025-04-16,true,Prescription medication; vitamin D3 & omega-3 (Recorded on 2025-04-16)
449,Coursera AI Specialization,Learn,4251.00,2025-04-17,true,Machine learning and deep neural networks lab (Recorded on 2025-04-17)
450,IKEA Modular Desk Organizers,Shopping,1988.09,2025-04-17,false,Desk cable management units; drawer trays & LED (Recorded on 2025-04-17)
451,IKEA Modular Desk Organizers,Shopping,3360.70,2025-04-17,false,Desk cable management units; drawer trays & LED (Recorded on 2025-04-17)
452,Udemy Masterclass Bootcamp,Learn,1175.03,2025-04-17,true,Full-stack distributed cloud architecture video course (Recorded on 2025-04-17)
453,Expressway FASTag Toll,Transport,535.35,2025-04-17,true,State expressway toll automated electronic debit (Recorded on 2025-04-17)
454,Dental Scaling & Oral Checkup,Health,2071.15,2025-04-17,true,Bi-annual preventive dental cleaning and exam (Recorded on 2025-04-17)
455,Automobile Ceramic Detailing,Transport,2369.52,2025-04-18,false,Full interior vacuum; engine degrease and wash (Recorded on 2025-04-18)
456,Local Fruit Stall,Food,323.55,2025-04-18,true,Fresh seasonal Alphonso mangoes and apples (Recorded on 2025-04-18)
457,PlayStation Store RPG Purchase,Fun,4894.34,2025-04-18,false,Digital deluxe collector edition open world game (Recorded on 2025-04-18)
458,Deep Home Sanitization Service,Other,2953.09,2025-04-18,true,Quarterly professional deep house cleaning and scrub (Recorded on 2025-04-18)
459,Zara Linen Summer Collection,Shopping,2575.51,2025-04-18,false,Breathable cotton casual button-up shirts (Recorded on 2025-04-18)
460,Uber Premier Commute,Transport,1078.83,2025-04-18,false,Airport ride terminal 2 business flight (Recorded on 2025-04-18)
461,Uniqlo Airism Essentials,Shopping,2066.46,2025-04-19,true,Innerwear; cooling undershirts and crew socks (Recorded on 2025-04-19)
462,Zara Linen Summer Collection,Shopping,5365.98,2025-04-19,false,Breathable cotton casual button-up shirts (Recorded on 2025-04-19)
463,Apple Store MagSafe Battery,Shopping,9775.35,2025-04-19,false,Official magnetic fast wireless battery pack (Recorded on 2025-04-19)
464,Coursera AI Specialization,Learn,4675.36,2025-04-19,true,Machine learning and deep neural networks lab (Recorded on 2025-04-19)
465,Go-Karting Speedway Grand Prix,Fun,2721.19,2025-04-19,false,Weekend competitive racing sessions with group (Recorded on 2025-04-19)
466,Deep Home Sanitization Service,Other,3568.02,2025-04-19,true,Quarterly professional deep house cleaning and scrub (Recorded on 2025-04-19)
467,Deep Home Sanitization Service,Other,3235.68,2025-04-20,true,Quarterly professional deep house cleaning and scrub (Recorded on 2025-04-20)
468,Charity Foundation Contribution,Other,4077.75,2025-04-20,false,Monthly child education and midday meal sponsorship (Recorded on 2025-04-20)
469,Tech Conference Full Pass,Learn,7137.30,2025-04-20,true,Annual developer engineering summit registration (Recorded on 2025-04-20)
470,Neighborhood Hardware Store,Shopping,519.74,2025-04-20,true,Stainless screws; drywall anchors; drill accessories (Recorded on 2025-04-20)
471,Neighborhood Hardware Store,Shopping,562.50,2025-04-21,true,Stainless screws; drywall anchors; drill accessories (Recorded on 2025-04-21)
472,Express International Courier,Other,821.36,2025-04-21,true,Expedited legal document international courier parcel (Recorded on 2025-04-21)
473,Metro Smart Card Recharge,Transport,642.53,2025-04-21,true,Monthly unlimited metro transit card recharge (Recorded on 2025-04-21)
474,IKEA Modular Desk Organizers,Shopping,4195.36,2025-04-21,false,Desk cable management units; drawer trays & LED (Recorded on 2025-04-21)
475,Neighborhood Hardware Store,Shopping,721.85,2025-04-21,true,Stainless screws; drywall anchors; drill accessories (Recorded on 2025-04-21)
476,Spotify Premium Family Plan,Fun,1799.00,2025-04-21,false,Annual ad-free multi-user music streaming (Recorded on 2025-04-21)
477,Apollo Pharmacy Prescription,Health,1010.11,2025-04-22,true,Prescription medication; vitamin D3 & omega-3 (Recorded on 2025-04-22)
478,Tech Conference Full Pass,Learn,6369.81,2025-04-22,true,Annual developer engineering summit registration (Recorded on 2025-04-22)
479,Kindle Technical E-Books,Learn,731.18,2025-04-22,true,Software engineering architecture & financial books (Recorded on 2025-04-22)
480,Local Fruit Stall,Food,572.33,2025-04-22,true,Fresh seasonal Alphonso mangoes and apples (Recorded on 2025-04-22)
481,Dental Scaling & Oral Checkup,Health,1378.88,2025-04-22,true,Bi-annual preventive dental cleaning and exam (Recorded on 2025-04-22)
482,Deep Home Sanitization Service,Other,4017.68,2025-04-23,true,Quarterly professional deep house cleaning and scrub (Recorded on 2025-04-23)
483,Charity Foundation Contribution,Other,3461.39,2025-04-23,false,Monthly child education and midday meal sponsorship (Recorded on 2025-04-23)
484,Uber Premier Commute,Transport,693.13,2025-04-23,false,Airport ride terminal 2 business flight (Recorded on 2025-04-23)
485,Uniqlo Airism Essentials,Shopping,3362.52,2025-04-23,true,Innerwear; cooling undershirts and crew socks (Recorded on 2025-04-23)
486,Kindle Technical E-Books,Learn,1032.13,2025-04-24,true,Software engineering architecture & financial books (Recorded on 2025-04-24)
487,PlayStation Store RPG Purchase,Fun,3242.70,2025-04-24,false,Digital deluxe collector edition open world game (Recorded on 2025-04-24)
488,Go-Karting Speedway Grand Prix,Fun,2777.90,2025-04-24,false,Weekend competitive racing sessions with group (Recorded on 2025-04-24)
489,Dry Cleaning & Garment Care,Other,733.03,2025-04-24,true,Winter wool coats; formal suits and blazers clean (Recorded on 2025-04-24)
490,Friend Wedding / Birthday Gift,Other,5180.27,2025-04-24,false,Custom engraved stainless steel wristwatch with box (Recorded on 2025-04-24)
491,Board Game Pub & Cafe,Fun,815.11,2025-04-24,false,Strategy game night craft beers and nacho platters (Recorded on 2025-04-24)
492,Bakery Artisanal Bread & Pastry,Food,292.90,2025-04-25,true,Morning bakery supplies and sourdough loaf (Recorded on 2025-04-25)
493,Udemy Masterclass Bootcamp,Learn,1230.50,2025-04-25,true,Full-stack distributed cloud architecture video course (Recorded on 2025-04-25)
494,City Mall Parking Fee,Transport,113.54,2025-04-25,false,Multi-level basement underground parking validation (Recorded on 2025-04-25)
495,Blinkit Quick Delivery,Food,364.53,2025-04-25,false,Midnight craving snacks; chocolate and ice cream (Recorded on 2025-04-25)
496,Blinkit Quick Delivery,Food,394.69,2025-04-25,false,Midnight craving snacks; chocolate and ice cream (Recorded on 2025-04-25)
497,Local Fruit Stall,Food,515.41,2025-04-26,true,Fresh seasonal Alphonso mangoes and apples (Recorded on 2025-04-26)
498,Dental Scaling & Oral Checkup,Health,2152.82,2025-04-26,true,Bi-annual preventive dental cleaning and exam (Recorded on 2025-04-26)
499,City Mall Parking Fee,Transport,126.68,2025-04-26,false,Multi-level basement underground parking validation (Recorded on 2025-04-26)
500,Physiotherapy Posture Rehab,Health,1036.98,2025-04-26,true,Spine and cervical posture rehab therapy session (Recorded on 2025-04-26)
501,Charity Foundation Contribution,Other,3526.94,2025-04-27,false,Monthly child education and midday meal sponsorship (Recorded on 2025-04-27)
502,Amazon Tech Essentials,Shopping,2546.62,2025-04-27,true,USB-C multi-port hub; braided cables & adapter (Recorded on 2025-04-27)
503,Dry Cleaning & Garment Care,Other,952.13,2025-04-27,true,Winter wool coats; formal suits and blazers clean (Recorded on 2025-04-27)
504,PVR IMAX 3D Recliner Tickets,Fun,1241.83,2025-04-28,false,Sci-fi movie premiere with large cheese popcorn (Recorded on 2025-04-28)
505,Society Apartment Maintenance,Bills,4115.92,2025-04-28,true,Monthly housing security; backup generator & lift fee (Recorded on 2025-04-28)
506,Express International Courier,Other,381.13,2025-04-29,true,Expedited legal document international courier parcel (Recorded on 2025-04-29)
507,PlayStation Store RPG Purchase,Fun,3712.95,2025-04-29,false,Digital deluxe collector edition open world game (Recorded on 2025-04-29)
508,Local Fruit Stall,Food,309.29,2025-04-29,true,Fresh seasonal Alphonso mangoes and apples (Recorded on 2025-04-29)
509,Diagnostic Comprehensive Blood Panel,Health,4245.82,2025-04-29,true,Full body health checkup; liver and lipid profile (Recorded on 2025-04-29)
510,Charity Foundation Contribution,Other,2356.15,2025-04-29,false,Monthly child education and midday meal sponsorship (Recorded on 2025-04-29)
511,Nike Marathon Running Shoes,Shopping,10535.55,2025-04-29,false,Long distance training air zoom cushion sneakers (Recorded on 2025-04-29)
512,iCloud / Google Cloud Storage,Bills,650.00,2025-04-30,true,2TB unified encrypted cloud backup subscription (Recorded on 2025-04-30)
513,Automobile Ceramic Detailing,Transport,1381.53,2025-04-30,false,Full interior vacuum; engine degrease and wash (Recorded on 2025-04-30)
514,Uniqlo Airism Essentials,Shopping,1875.66,2025-04-30,true,Innerwear; cooling undershirts and crew socks (Recorded on 2025-04-30)
515,Metro Smart Card Recharge,Transport,663.96,2025-04-30,true,Monthly unlimited metro transit card recharge (Recorded on 2025-04-30)
516,Municipal Water Authority,Bills,651.31,2025-05-01,true,Quarterly residential piped water supply charges (Recorded on 2025-05-01)
517,Udemy Masterclass Bootcamp,Learn,1250.81,2025-05-01,true,Full-stack distributed cloud architecture video course (Recorded on 2025-05-01)
518,Diagnostic Comprehensive Blood Panel,Health,2297.42,2025-05-01,true,Full body health checkup; liver and lipid profile (Recorded on 2025-05-01)
519,Physiotherapy Posture Rehab,Health,1498.71,2025-05-01,true,Spine and cervical posture rehab therapy session (Recorded on 2025-05-01)
520,Whole Foods Grocery,Food,3414.91,2025-05-02,true,Weekly fresh vegetables; organic fruits and dairy (Recorded on 2025-05-02)
521,Coursera AI Specialization,Learn,4512.09,2025-05-02,true,Machine learning and deep neural networks lab (Recorded on 2025-05-02)
522,Amazon Tech Essentials,Shopping,1227.54,2025-05-02,true,USB-C multi-port hub; braided cables & adapter (Recorded on 2025-05-02)
523,Dry Cleaning & Garment Care,Other,751.48,2025-05-02,true,Winter wool coats; formal suits and blazers clean (Recorded on 2025-05-02)
524,Cult.fit Fitness Gym Pass,Health,6414.27,2025-05-03,true,Quarterly fitness center gym and yoga pass (Recorded on 2025-05-03)
525,Bakery Artisanal Bread & Pastry,Food,229.10,2025-05-03,true,Morning bakery supplies and sourdough loaf (Recorded on 2025-05-03)
526,Express International Courier,Other,666.21,2025-05-03,true,Expedited legal document international courier parcel (Recorded on 2025-05-03)
527,Uniqlo Airism Essentials,Shopping,2043.98,2025-05-04,true,Innerwear; cooling undershirts and crew socks (Recorded on 2025-05-04)
528,Optometry Eye Checkup & Frames,Health,3542.63,2025-05-04,true,Blue-light blocking high-index prescription lenses (Recorded on 2025-05-04)
529,Starbucks Latte & Croissant,Food,599.52,2025-05-05,false,Meeting client over coffee & cookies (Recorded on 2025-05-05)
530,Tech Conference Full Pass,Learn,5088.80,2025-05-05,true,Annual developer engineering summit registration (Recorded on 2025-05-05)
531,Deep Home Sanitization Service,Other,4492.73,2025-05-06,true,Quarterly professional deep house cleaning and scrub (Recorded on 2025-05-06)
532,LPG Cooking Gas Cylinder Refill,Bills,941.65,2025-05-06,true,Indane domestic LPG home delivery (Recorded on 2025-05-06)
533,Deep Home Sanitization Service,Other,2745.27,2025-05-06,true,Quarterly professional deep house cleaning and scrub (Recorded on 2025-05-06)
534,IRCTC Executive Train Ticket,Transport,1200.35,2025-05-06,true,Intercity executive AC chair car reservation (Recorded on 2025-05-06)
535,City Mall Parking Fee,Transport,233.57,2025-05-07,false,Multi-level basement underground parking validation (Recorded on 2025-05-07)
536,Expressway FASTag Toll,Transport,734.80,2025-05-07,true,State expressway toll automated electronic debit (Recorded on 2025-05-07)
537,Apple Store MagSafe Battery,Shopping,10319.13,2025-05-07,false,Official magnetic fast wireless battery pack (Recorded on 2025-05-07)
538,Neighborhood Hardware Store,Shopping,657.27,2025-05-07,true,Stainless screws; drywall anchors; drill accessories (Recorded on 2025-05-07)
539,PVR IMAX 3D Recliner Tickets,Fun,2179.19,2025-05-07,false,Sci-fi movie premiere with large cheese popcorn (Recorded on 2025-05-07)
540,Spotify Premium Family Plan,Fun,1799.00,2025-05-08,false,Annual ad-free multi-user music streaming (Recorded on 2025-05-08)
541,Dry Cleaning & Garment Care,Other,1033.08,2025-05-08,true,Winter wool coats; formal suits and blazers clean (Recorded on 2025-05-08)
542,Diagnostic Comprehensive Blood Panel,Health,4048.42,2025-05-08,true,Full body health checkup; liver and lipid profile (Recorded on 2025-05-08)
543,Uniqlo Airism Essentials,Shopping,3233.77,2025-05-09,true,Innerwear; cooling undershirts and crew socks (Recorded on 2025-05-09)
544,Expressway FASTag Toll,Transport,438.90,2025-05-09,true,State expressway toll automated electronic debit (Recorded on 2025-05-09)
545,Friend Wedding / Birthday Gift,Other,4553.98,2025-05-09,false,Custom engraved stainless steel wristwatch with box (Recorded on 2025-05-09)
546,Tech Conference Full Pass,Learn,4868.75,2025-05-09,true,Annual developer engineering summit registration (Recorded on 2025-05-09)
547,Optometry Eye Checkup & Frames,Health,2704.08,2025-05-09,true,Blue-light blocking high-index prescription lenses (Recorded on 2025-05-09)
548,Friend Wedding / Birthday Gift,Other,4222.57,2025-05-09,false,Custom engraved stainless steel wristwatch with box (Recorded on 2025-05-09)
549,Neighborhood Hardware Store,Shopping,1171.32,2025-05-10,true,Stainless screws; drywall anchors; drill accessories (Recorded on 2025-05-10)
550,Tech Conference Full Pass,Learn,9053.56,2025-05-10,true,Annual developer engineering summit registration (Recorded on 2025-05-10)
551,Whole Foods Grocery,Food,2909.74,2025-05-10,true,Weekly fresh vegetables; organic fruits and dairy (Recorded on 2025-05-10)
552,Airtel 5G Fiber Broadband,Bills,1079.98,2025-05-10,true,1 Gbps symmetrical unlimited high-speed fiber plan (Recorded on 2025-05-10)
553,PlayStation Store RPG Purchase,Fun,4893.97,2025-05-10,false,Digital deluxe collector edition open world game (Recorded on 2025-05-10)
554,iCloud / Google Cloud Storage,Bills,650.00,2025-05-10,true,2TB unified encrypted cloud backup subscription (Recorded on 2025-05-10)
555,Airtel 5G Fiber Broadband,Bills,1316.53,2025-05-11,true,1 Gbps symmetrical unlimited high-speed fiber plan (Recorded on 2025-05-11)
556,Airtel 5G Fiber Broadband,Bills,1311.51,2025-05-11,true,1 Gbps symmetrical unlimited high-speed fiber plan (Recorded on 2025-05-11)
557,Shell Petrol Station Fuel,Transport,3861.16,2025-05-12,true,Full tank unleaded petrol for vehicle (Recorded on 2025-05-12)
558,Zara Linen Summer Collection,Shopping,4727.31,2025-05-12,false,Breathable cotton casual button-up shirts (Recorded on 2025-05-12)
559,Physiotherapy Posture Rehab,Health,828.84,2025-05-12,true,Spine and cervical posture rehab therapy session (Recorded on 2025-05-12)
560,Whole Foods Grocery,Food,1350.02,2025-05-12,true,Weekly fresh vegetables; organic fruits and dairy (Recorded on 2025-05-12)
561,LPG Cooking Gas Cylinder Refill,Bills,871.08,2025-05-12,true,Indane domestic LPG home delivery (Recorded on 2025-05-12)
562,Tech Conference Full Pass,Learn,7694.96,2025-05-12,true,Annual developer engineering summit registration (Recorded on 2025-05-12)
563,LPG Cooking Gas Cylinder Refill,Bills,945.67,2025-05-13,true,Indane domestic LPG home delivery (Recorded on 2025-05-13)
564,Deep Home Sanitization Service,Other,4109.38,2025-05-13,true,Quarterly professional deep house cleaning and scrub (Recorded on 2025-05-13)
565,Coursera AI Specialization,Learn,4452.54,2025-05-13,true,Machine learning and deep neural networks lab (Recorded on 2025-05-13)
566,Starbucks Latte & Croissant,Food,569.80,2025-05-13,false,Meeting client over coffee & cookies (Recorded on 2025-05-13)
567,Charity Foundation Contribution,Other,1816.09,2025-05-13,false,Monthly child education and midday meal sponsorship (Recorded on 2025-05-13)
568,IKEA Modular Desk Organizers,Shopping,6668.77,2025-05-14,false,Desk cable management units; drawer trays & LED (Recorded on 2025-05-14)
569,Optometry Eye Checkup & Frames,Health,6450.90,2025-05-14,true,Blue-light blocking high-index prescription lenses (Recorded on 2025-05-14)
570,Diagnostic Comprehensive Blood Panel,Health,2500.76,2025-05-14,true,Full body health checkup; liver and lipid profile (Recorded on 2025-05-14)
571,Physiotherapy Posture Rehab,Health,1193.16,2025-05-14,true,Spine and cervical posture rehab therapy session (Recorded on 2025-05-14)
572,Dental Scaling & Oral Checkup,Health,1806.41,2025-05-14,true,Bi-annual preventive dental cleaning and exam (Recorded on 2025-05-14)
573,Municipal Water Authority,Bills,473.96,2025-05-14,true,Quarterly residential piped water supply charges (Recorded on 2025-05-14)
574,Zomato Weekend Dinner,Food,2312.62,2025-05-15,false,Family gourmet pizza and pasta treat (Recorded on 2025-05-15)
575,Udemy Masterclass Bootcamp,Learn,1469.15,2025-05-15,true,Full-stack distributed cloud architecture video course (Recorded on 2025-05-15)
576,Physiotherapy Posture Rehab,Health,1304.79,2025-05-16,true,Spine and cervical posture rehab therapy session (Recorded on 2025-05-16)
577,Spotify Premium Family Plan,Fun,1799.00,2025-05-16,false,Annual ad-free multi-user music streaming (Recorded on 2025-05-16)
578,Nike Marathon Running Shoes,Shopping,12966.76,2025-05-16,false,Long distance training air zoom cushion sneakers (Recorded on 2025-05-16)
579,Express International Courier,Other,772.76,2025-05-17,true,Expedited legal document international courier parcel (Recorded on 2025-05-17)
580,Automobile Ceramic Detailing,Transport,2362.52,2025-05-17,false,Full interior vacuum; engine degrease and wash (Recorded on 2025-05-17)
581,Netflix 4K UltraHD Subscription,Fun,649.00,2025-05-17,false,Monthly family tier streaming account (Recorded on 2025-05-17)
582,Apollo Pharmacy Prescription,Health,518.23,2025-05-17,true,Prescription medication; vitamin D3 & omega-3 (Recorded on 2025-05-17)
583,Friend Wedding / Birthday Gift,Other,6911.70,2025-05-17,false,Custom engraved stainless steel wristwatch with box (Recorded on 2025-05-17)
584,Society Apartment Maintenance,Bills,3218.81,2025-05-18,true,Monthly housing security; backup generator & lift fee (Recorded on 2025-05-18)
585,Automobile Ceramic Detailing,Transport,1508.05,2025-05-18,false,Full interior vacuum; engine degrease and wash (Recorded on 2025-05-18)
586,LPG Cooking Gas Cylinder Refill,Bills,886.58,2025-05-18,true,Indane domestic LPG home delivery (Recorded on 2025-05-18)
587,Coursera AI Specialization,Learn,4044.24,2025-05-18,true,Machine learning and deep neural networks lab (Recorded on 2025-05-18)
588,Bakery Artisanal Bread & Pastry,Food,359.78,2025-05-18,true,Morning bakery supplies and sourdough loaf (Recorded on 2025-05-18)
589,Electricity Power Utility,Bills,2713.59,2025-05-19,true,Monthly household air conditioning electricity bill (Recorded on 2025-05-19)
590,Friend Wedding / Birthday Gift,Other,3898.60,2025-05-19,false,Custom engraved stainless steel wristwatch with box (Recorded on 2025-05-19)
591,Shell Petrol Station Fuel,Transport,4742.69,2025-05-19,true,Full tank unleaded petrol for vehicle (Recorded on 2025-05-19)
592,Coursera AI Specialization,Learn,4793.90,2025-05-19,true,Machine learning and deep neural networks lab (Recorded on 2025-05-19)
593,Dental Scaling & Oral Checkup,Health,1458.78,2025-05-20,true,Bi-annual preventive dental cleaning and exam (Recorded on 2025-05-20)
594,Tech Conference Full Pass,Learn,4701.27,2025-05-20,true,Annual developer engineering summit registration (Recorded on 2025-05-20)
595,Starbucks Latte & Croissant,Food,706.80,2025-05-20,false,Meeting client over coffee & cookies (Recorded on 2025-05-20)
596,Friend Wedding / Birthday Gift,Other,4784.94,2025-05-20,false,Custom engraved stainless steel wristwatch with box (Recorded on 2025-05-20)
597,IKEA Modular Desk Organizers,Shopping,7088.14,2025-05-21,false,Desk cable management units; drawer trays & LED (Recorded on 2025-05-21)
598,Dental Scaling & Oral Checkup,Health,1710.84,2025-05-21,true,Bi-annual preventive dental cleaning and exam (Recorded on 2025-05-21)
599,Society Apartment Maintenance,Bills,3973.66,2025-05-21,true,Monthly housing security; backup generator & lift fee (Recorded on 2025-05-21)
600,Friend Wedding / Birthday Gift,Other,3998.95,2025-05-21,false,Custom engraved stainless steel wristwatch with box (Recorded on 2025-05-21)
601,Local Fruit Stall,Food,332.50,2025-05-21,true,Fresh seasonal Alphonso mangoes and apples (Recorded on 2025-05-21)
602,Automobile Ceramic Detailing,Transport,2542.51,2025-05-21,false,Full interior vacuum; engine degrease and wash (Recorded on 2025-05-21)
603,Express International Courier,Other,1172.01,2025-05-22,true,Expedited legal document international courier parcel (Recorded on 2025-05-22)
604,Board Game Pub & Cafe,Fun,709.06,2025-05-22,false,Strategy game night craft beers and nacho platters (Recorded on 2025-05-22)
605,Uniqlo Airism Essentials,Shopping,2646.76,2025-05-23,true,Innerwear; cooling undershirts and crew socks (Recorded on 2025-05-23)
606,Udemy Masterclass Bootcamp,Learn,1356.33,2025-05-23,true,Full-stack distributed cloud architecture video course (Recorded on 2025-05-23)
607,PVR IMAX 3D Recliner Tickets,Fun,1601.60,2025-05-23,false,Sci-fi movie premiere with large cheese popcorn (Recorded on 2025-05-23)
608,Auto Rickshaw Meter Fare,Transport,62.27,2025-05-23,true,Local city transit to metro station (Recorded on 2025-05-23)
609,Diagnostic Comprehensive Blood Panel,Health,2548.29,2025-05-23,true,Full body health checkup; liver and lipid profile (Recorded on 2025-05-23)
610,Tech Conference Full Pass,Learn,8374.86,2025-05-24,true,Annual developer engineering summit registration (Recorded on 2025-05-24)
611,Dry Cleaning & Garment Care,Other,1446.93,2025-05-24,true,Winter wool coats; formal suits and blazers clean (Recorded on 2025-05-24)
612,Concert Live Music Festival,Fun,5125.25,2025-05-24,false,Weekend rock concert arena general admission pass (Recorded on 2025-05-24)
613,Coursera AI Specialization,Learn,4955.69,2025-05-25,true,Machine learning and deep neural networks lab (Recorded on 2025-05-25)
614,Friend Wedding / Birthday Gift,Other,4211.64,2025-05-25,false,Custom engraved stainless steel wristwatch with box (Recorded on 2025-05-25)
615,Optometry Eye Checkup & Frames,Health,5565.16,2025-05-25,true,Blue-light blocking high-index prescription lenses (Recorded on 2025-05-25)
616,Society Apartment Maintenance,Bills,4313.61,2025-05-25,true,Monthly housing security; backup generator & lift fee (Recorded on 2025-05-25)
617,PlayStation Store RPG Purchase,Fun,4115.17,2025-05-25,false,Digital deluxe collector edition open world game (Recorded on 2025-05-25)
618,iCloud / Google Cloud Storage,Bills,650.00,2025-05-26,true,2TB unified encrypted cloud backup subscription (Recorded on 2025-05-26)
619,LPG Cooking Gas Cylinder Refill,Bills,870.73,2025-05-26,true,Indane domestic LPG home delivery (Recorded on 2025-05-26)
620,Express International Courier,Other,757.83,2025-05-26,true,Expedited legal document international courier parcel (Recorded on 2025-05-26)
621,Mobile 5G Postpaid Plan,Bills,859.94,2025-05-27,true,Unlimited 5G corporate postpaid phone plan (Recorded on 2025-05-27)
622,Language Mastery Application,Learn,2817.38,2025-05-27,false,Annual conversational language learning subscription (Recorded on 2025-05-27)
623,IKEA Modular Desk Organizers,Shopping,1751.44,2025-05-27,false,Desk cable management units; drawer trays & LED (Recorded on 2025-05-27)
624,City Mall Parking Fee,Transport,284.80,2025-05-27,false,Multi-level basement underground parking validation (Recorded on 2025-05-27)
625,LPG Cooking Gas Cylinder Refill,Bills,897.91,2025-05-27,true,Indane domestic LPG home delivery (Recorded on 2025-05-27)
626,Spotify Premium Family Plan,Fun,1799.00,2025-05-27,false,Annual ad-free multi-user music streaming (Recorded on 2025-05-27)
627,Society Apartment Maintenance,Bills,4801.19,2025-05-28,true,Monthly housing security; backup generator & lift fee (Recorded on 2025-05-28)
628,Amazon Tech Essentials,Shopping,2315.67,2025-05-28,true,USB-C multi-port hub; braided cables & adapter (Recorded on 2025-05-28)
629,Netflix 4K UltraHD Subscription,Fun,649.00,2025-05-28,false,Monthly family tier streaming account (Recorded on 2025-05-28)
630,Chai & Samosa Corner,Food,64.82,2025-05-28,true,Evening masala tea with team members (Recorded on 2025-05-28)
631,PVR IMAX 3D Recliner Tickets,Fun,940.28,2025-05-28,false,Sci-fi movie premiere with large cheese popcorn (Recorded on 2025-05-28)
632,Optometry Eye Checkup & Frames,Health,4336.86,2025-05-28,true,Blue-light blocking high-index prescription lenses (Recorded on 2025-05-28)
633,Chai & Samosa Corner,Food,147.57,2025-05-29,true,Evening masala tea with team members (Recorded on 2025-05-29)
634,Nike Marathon Running Shoes,Shopping,10222.14,2025-05-29,false,Long distance training air zoom cushion sneakers (Recorded on 2025-05-29)
635,Charity Foundation Contribution,Other,3602.15,2025-05-29,false,Monthly child education and midday meal sponsorship (Recorded on 2025-05-29)
636,Cult.fit Fitness Gym Pass,Health,7729.49,2025-05-30,true,Quarterly fitness center gym and yoga pass (Recorded on 2025-05-30)
637,Auto Rickshaw Meter Fare,Transport,124.22,2025-05-30,true,Local city transit to metro station (Recorded on 2025-05-30)
638,Starbucks Latte & Croissant,Food,558.94,2025-05-30,false,Meeting client over coffee & cookies (Recorded on 2025-05-30)
639,Amazon Tech Essentials,Shopping,3193.49,2025-05-30,true,USB-C multi-port hub; braided cables & adapter (Recorded on 2025-05-30)
640,Deep Home Sanitization Service,Other,4373.22,2025-05-31,true,Quarterly professional deep house cleaning and scrub (Recorded on 2025-05-31)
641,Electricity Power Utility,Bills,1431.51,2025-05-31,true,Monthly household air conditioning electricity bill (Recorded on 2025-05-31)
642,City Mall Parking Fee,Transport,156.91,2025-05-31,false,Multi-level basement underground parking validation (Recorded on 2025-05-31)
643,Deep Home Sanitization Service,Other,4202.12,2025-05-31,true,Quarterly professional deep house cleaning and scrub (Recorded on 2025-05-31)
644,Express International Courier,Other,513.89,2025-05-31,true,Expedited legal document international courier parcel (Recorded on 2025-05-31)
645,Dental Scaling & Oral Checkup,Health,2150.46,2025-06-01,true,Bi-annual preventive dental cleaning and exam (Recorded on 2025-06-01)
646,LPG Cooking Gas Cylinder Refill,Bills,868.62,2025-06-01,true,Indane domestic LPG home delivery (Recorded on 2025-06-01)
647,Society Apartment Maintenance,Bills,4751.12,2025-06-02,true,Monthly housing security; backup generator & lift fee (Recorded on 2025-06-02)
648,Netflix 4K UltraHD Subscription,Fun,649.00,2025-06-02,false,Monthly family tier streaming account (Recorded on 2025-06-02)
649,Language Mastery Application,Learn,2514.28,2025-06-02,false,Annual conversational language learning subscription (Recorded on 2025-06-02)
650,Automobile Ceramic Detailing,Transport,2739.29,2025-06-02,false,Full interior vacuum; engine degrease and wash (Recorded on 2025-06-02)
651,Nike Marathon Running Shoes,Shopping,7587.81,2025-06-03,false,Long distance training air zoom cushion sneakers (Recorded on 2025-06-03)
652,PVR IMAX 3D Recliner Tickets,Fun,1165.10,2025-06-03,false,Sci-fi movie premiere with large cheese popcorn (Recorded on 2025-06-03)
653,Go-Karting Speedway Grand Prix,Fun,3007.51,2025-06-03,false,Weekend competitive racing sessions with group (Recorded on 2025-06-03)
654,Society Apartment Maintenance,Bills,4862.63,2025-06-04,true,Monthly housing security; backup generator & lift fee (Recorded on 2025-06-04)
655,Zomato Weekend Dinner,Food,1845.89,2025-06-04,false,Family gourmet pizza and pasta treat (Recorded on 2025-06-04)
656,PVR IMAX 3D Recliner Tickets,Fun,1734.90,2025-06-04,false,Sci-fi movie premiere with large cheese popcorn (Recorded on 2025-06-04)
657,Express International Courier,Other,485.76,2025-06-04,true,Expedited legal document international courier parcel (Recorded on 2025-06-04)
658,LPG Cooking Gas Cylinder Refill,Bills,861.74,2025-06-05,true,Indane domestic LPG home delivery (Recorded on 2025-06-05)
659,Mobile 5G Postpaid Plan,Bills,1106.31,2025-06-05,true,Unlimited 5G corporate postpaid phone plan (Recorded on 2025-06-05)
660,Netflix 4K UltraHD Subscription,Fun,649.00,2025-06-05,false,Monthly family tier streaming account (Recorded on 2025-06-05)
661,Deep Home Sanitization Service,Other,3409.96,2025-06-05,true,Quarterly professional deep house cleaning and scrub (Recorded on 2025-06-05)
662,Diagnostic Comprehensive Blood Panel,Health,3814.46,2025-06-05,true,Full body health checkup; liver and lipid profile (Recorded on 2025-06-05)
663,Friend Wedding / Birthday Gift,Other,6509.97,2025-06-05,false,Custom engraved stainless steel wristwatch with box (Recorded on 2025-06-05)
664,Board Game Pub & Cafe,Fun,1517.95,2025-06-06,false,Strategy game night craft beers and nacho platters (Recorded on 2025-06-06)
665,IRCTC Executive Train Ticket,Transport,1715.85,2025-06-06,true,Intercity executive AC chair car reservation (Recorded on 2025-06-06)
666,Apollo Pharmacy Prescription,Health,1688.28,2025-06-06,true,Prescription medication; vitamin D3 & omega-3 (Recorded on 2025-06-06)
667,Chai & Samosa Corner,Food,139.32,2025-06-07,true,Evening masala tea with team members (Recorded on 2025-06-07)
668,Concert Live Music Festival,Fun,6183.30,2025-06-07,false,Weekend rock concert arena general admission pass (Recorded on 2025-06-07)
669,Physiotherapy Posture Rehab,Health,1109.29,2025-06-08,true,Spine and cervical posture rehab therapy session (Recorded on 2025-06-08)
670,Board Game Pub & Cafe,Fun,1320.62,2025-06-08,false,Strategy game night craft beers and nacho platters (Recorded on 2025-06-08)
671,IRCTC Executive Train Ticket,Transport,2122.60,2025-06-08,true,Intercity executive AC chair car reservation (Recorded on 2025-06-08)
672,Uniqlo Airism Essentials,Shopping,2155.48,2025-06-09,true,Innerwear; cooling undershirts and crew socks (Recorded on 2025-06-09)
673,Chai & Samosa Corner,Food,90.86,2025-06-09,true,Evening masala tea with team members (Recorded on 2025-06-09)
674,LPG Cooking Gas Cylinder Refill,Bills,852.18,2025-06-09,true,Indane domestic LPG home delivery (Recorded on 2025-06-09)
675,iCloud / Google Cloud Storage,Bills,650.00,2025-06-09,true,2TB unified encrypted cloud backup subscription (Recorded on 2025-06-09)
676,Supermarket Staples,Food,4813.25,2025-06-09,true,Monthly pulses; basmati grains; spices and olive oil (Recorded on 2025-06-09)
677,Coursera AI Specialization,Learn,4699.38,2025-06-10,true,Machine learning and deep neural networks lab (Recorded on 2025-06-10)
678,Whole Foods Grocery,Food,4454.25,2025-06-10,true,Weekly fresh vegetables; organic fruits and dairy (Recorded on 2025-06-10)
679,Zomato Weekend Dinner,Food,1454.19,2025-06-11,false,Family gourmet pizza and pasta treat (Recorded on 2025-06-11)
680,Neighborhood Hardware Store,Shopping,895.30,2025-06-11,true,Stainless screws; drywall anchors; drill accessories (Recorded on 2025-06-11)
681,Coursera AI Specialization,Learn,4991.86,2025-06-11,true,Machine learning and deep neural networks lab (Recorded on 2025-06-11)
682,Language Mastery Application,Learn,2868.62,2025-06-11,false,Annual conversational language learning subscription (Recorded on 2025-06-11)
683,Language Mastery Application,Learn,2079.25,2025-06-11,false,Annual conversational language learning subscription (Recorded on 2025-06-11)
684,Apple Store MagSafe Battery,Shopping,10620.57,2025-06-12,false,Official magnetic fast wireless battery pack (Recorded on 2025-06-12)
685,Shell Petrol Station Fuel,Transport,4783.55,2025-06-12,true,Full tank unleaded petrol for vehicle (Recorded on 2025-06-12)
686,Tech Conference Full Pass,Learn,5136.74,2025-06-12,true,Annual developer engineering summit registration (Recorded on 2025-06-12)
687,Spotify Premium Family Plan,Fun,1799.00,2025-06-12,false,Annual ad-free multi-user music streaming (Recorded on 2025-06-12)
688,Swiggy Lunch Box,Food,443.55,2025-06-12,false,Office lunch meal with drink (Recorded on 2025-06-12)
689,Friend Wedding / Birthday Gift,Other,4620.64,2025-06-12,false,Custom engraved stainless steel wristwatch with box (Recorded on 2025-06-12)
690,Netflix 4K UltraHD Subscription,Fun,649.00,2025-06-13,false,Monthly family tier streaming account (Recorded on 2025-06-13)
691,Express International Courier,Other,481.85,2025-06-13,true,Expedited legal document international courier parcel (Recorded on 2025-06-13)
692,Board Game Pub & Cafe,Fun,1530.31,2025-06-13,false,Strategy game night craft beers and nacho platters (Recorded on 2025-06-13)
693,Blinkit Quick Delivery,Food,292.18,2025-06-13,false,Midnight craving snacks; chocolate and ice cream (Recorded on 2025-06-13)
694,Supermarket Staples,Food,3324.33,2025-06-13,true,Monthly pulses; basmati grains; spices and olive oil (Recorded on 2025-06-13)
695,Fine Dining Restaurant,Food,6885.60,2025-06-14,false,Special anniversary dinner buffet (Recorded on 2025-06-14)
696,Supermarket Staples,Food,5462.16,2025-06-14,true,Monthly pulses; basmati grains; spices and olive oil (Recorded on 2025-06-14)
697,Deep Home Sanitization Service,Other,3579.52,2025-06-15,true,Quarterly professional deep house cleaning and scrub (Recorded on 2025-06-15)
698,Starbucks Latte & Croissant,Food,601.95,2025-06-15,false,Meeting client over coffee & cookies (Recorded on 2025-06-15)
699,Airtel 5G Fiber Broadband,Bills,1406.89,2025-06-15,true,1 Gbps symmetrical unlimited high-speed fiber plan (Recorded on 2025-06-15)
700,Physiotherapy Posture Rehab,Health,1218.54,2025-06-15,true,Spine and cervical posture rehab therapy session (Recorded on 2025-06-15)
701,Dental Scaling & Oral Checkup,Health,1592.29,2025-06-15,true,Bi-annual preventive dental cleaning and exam (Recorded on 2025-06-15)
702,Go-Karting Speedway Grand Prix,Fun,2101.00,2025-06-16,false,Weekend competitive racing sessions with group (Recorded on 2025-06-16)
703,Chai & Samosa Corner,Food,144.34,2025-06-16,true,Evening masala tea with team members (Recorded on 2025-06-16)
704,Apple Store MagSafe Battery,Shopping,10257.50,2025-06-16,false,Official magnetic fast wireless battery pack (Recorded on 2025-06-16)
705,Dry Cleaning & Garment Care,Other,1766.75,2025-06-17,true,Winter wool coats; formal suits and blazers clean (Recorded on 2025-06-17)
706,Tech Conference Full Pass,Learn,6093.67,2025-06-17,true,Annual developer engineering summit registration (Recorded on 2025-06-17)
707,Language Mastery Application,Learn,2148.22,2025-06-17,false,Annual conversational language learning subscription (Recorded on 2025-06-17)
708,Udemy Masterclass Bootcamp,Learn,1302.53,2025-06-17,true,Full-stack distributed cloud architecture video course (Recorded on 2025-06-17)
709,Deep Home Sanitization Service,Other,4198.68,2025-06-17,true,Quarterly professional deep house cleaning and scrub (Recorded on 2025-06-17)
710,iCloud / Google Cloud Storage,Bills,650.00,2025-06-17,true,2TB unified encrypted cloud backup subscription (Recorded on 2025-06-17)
711,Dry Cleaning & Garment Care,Other,1274.86,2025-06-18,true,Winter wool coats; formal suits and blazers clean (Recorded on 2025-06-18)
712,Tech Conference Full Pass,Learn,7149.96,2025-06-18,true,Annual developer engineering summit registration (Recorded on 2025-06-18)
713,Udemy Masterclass Bootcamp,Learn,903.00,2025-06-18,true,Full-stack distributed cloud architecture video course (Recorded on 2025-06-18)
714,IRCTC Executive Train Ticket,Transport,2178.34,2025-06-19,true,Intercity executive AC chair car reservation (Recorded on 2025-06-19)
715,Auto Rickshaw Meter Fare,Transport,66.18,2025-06-19,true,Local city transit to metro station (Recorded on 2025-06-19)
716,Tech Conference Full Pass,Learn,7514.61,2025-06-19,true,Annual developer engineering summit registration (Recorded on 2025-06-19)
717,Auto Rickshaw Meter Fare,Transport,156.56,2025-06-19,true,Local city transit to metro station (Recorded on 2025-06-19)
718,Go-Karting Speedway Grand Prix,Fun,1917.78,2025-06-20,false,Weekend competitive racing sessions with group (Recorded on 2025-06-20)
719,Cult.fit Fitness Gym Pass,Health,9285.10,2025-06-20,true,Quarterly fitness center gym and yoga pass (Recorded on 2025-06-20)
720,Supermarket Staples,Food,6248.64,2025-06-20,true,Monthly pulses; basmati grains; spices and olive oil (Recorded on 2025-06-20)
721,IRCTC Executive Train Ticket,Transport,2275.94,2025-06-20,true,Intercity executive AC chair car reservation (Recorded on 2025-06-20)
722,Go-Karting Speedway Grand Prix,Fun,3330.25,2025-06-20,false,Weekend competitive racing sessions with group (Recorded on 2025-06-20)
723,Cult.fit Fitness Gym Pass,Health,6403.31,2025-06-20,true,Quarterly fitness center gym and yoga pass (Recorded on 2025-06-20)
724,Cult.fit Fitness Gym Pass,Health,5807.81,2025-06-21,true,Quarterly fitness center gym and yoga pass (Recorded on 2025-06-21)
725,Charity Foundation Contribution,Other,1394.43,2025-06-21,false,Monthly child education and midday meal sponsorship (Recorded on 2025-06-21)
726,Express International Courier,Other,1127.18,2025-06-21,true,Expedited legal document international courier parcel (Recorded on 2025-06-21)
727,Cult.fit Fitness Gym Pass,Health,6569.65,2025-06-21,true,Quarterly fitness center gym and yoga pass (Recorded on 2025-06-21)
728,Board Game Pub & Cafe,Fun,817.81,2025-06-21,false,Strategy game night craft beers and nacho platters (Recorded on 2025-06-21)
729,Society Apartment Maintenance,Bills,5349.94,2025-06-21,true,Monthly housing security; backup generator & lift fee (Recorded on 2025-06-21)
730,Coursera AI Specialization,Learn,4151.41,2025-06-22,true,Machine learning and deep neural networks lab (Recorded on 2025-06-22)
731,Dental Scaling & Oral Checkup,Health,1693.79,2025-06-22,true,Bi-annual preventive dental cleaning and exam (Recorded on 2025-06-22)
732,Go-Karting Speedway Grand Prix,Fun,2601.29,2025-06-22,false,Weekend competitive racing sessions with group (Recorded on 2025-06-22)
733,Cult.fit Fitness Gym Pass,Health,8316.80,2025-06-22,true,Quarterly fitness center gym and yoga pass (Recorded on 2025-06-22)
734,Charity Foundation Contribution,Other,2843.32,2025-06-22,false,Monthly child education and midday meal sponsorship (Recorded on 2025-06-22)
735,Dental Scaling & Oral Checkup,Health,1381.95,2025-06-22,true,Bi-annual preventive dental cleaning and exam (Recorded on 2025-06-22)
736,Deep Home Sanitization Service,Other,4333.80,2025-06-23,true,Quarterly professional deep house cleaning and scrub (Recorded on 2025-06-23)
737,Chai & Samosa Corner,Food,43.72,2025-06-23,true,Evening masala tea with team members (Recorded on 2025-06-23)
738,Uber Premier Commute,Transport,1176.12,2025-06-23,false,Airport ride terminal 2 business flight (Recorded on 2025-06-23)
739,Udemy Masterclass Bootcamp,Learn,1373.04,2025-06-23,true,Full-stack distributed cloud architecture video course (Recorded on 2025-06-23)
740,PVR IMAX 3D Recliner Tickets,Fun,1790.04,2025-06-23,false,Sci-fi movie premiere with large cheese popcorn (Recorded on 2025-06-23)
741,Supermarket Staples,Food,4522.93,2025-06-23,true,Monthly pulses; basmati grains; spices and olive oil (Recorded on 2025-06-23)
742,Bakery Artisanal Bread & Pastry,Food,384.07,2025-06-24,true,Morning bakery supplies and sourdough loaf (Recorded on 2025-06-24)
743,Charity Foundation Contribution,Other,1062.93,2025-06-24,false,Monthly child education and midday meal sponsorship (Recorded on 2025-06-24)
744,Kindle Technical E-Books,Learn,462.54,2025-06-24,true,Software engineering architecture & financial books (Recorded on 2025-06-24)
745,Society Apartment Maintenance,Bills,5448.20,2025-06-24,true,Monthly housing security; backup generator & lift fee (Recorded on 2025-06-24)
746,Udemy Masterclass Bootcamp,Learn,784.61,2025-06-25,true,Full-stack distributed cloud architecture video course (Recorded on 2025-06-25)
747,Shell Petrol Station Fuel,Transport,3054.23,2025-06-25,true,Full tank unleaded petrol for vehicle (Recorded on 2025-06-25)
748,iCloud / Google Cloud Storage,Bills,650.00,2025-06-26,true,2TB unified encrypted cloud backup subscription (Recorded on 2025-06-26)
749,Cult.fit Fitness Gym Pass,Health,8474.68,2025-06-26,true,Quarterly fitness center gym and yoga pass (Recorded on 2025-06-26)
750,City Mall Parking Fee,Transport,291.86,2025-06-26,false,Multi-level basement underground parking validation (Recorded on 2025-06-26)
751,Friend Wedding / Birthday Gift,Other,3716.04,2025-06-26,false,Custom engraved stainless steel wristwatch with box (Recorded on 2025-06-26)
752,PlayStation Store RPG Purchase,Fun,4367.08,2025-06-26,false,Digital deluxe collector edition open world game (Recorded on 2025-06-26)
753,Uber Premier Commute,Transport,538.83,2025-06-26,false,Airport ride terminal 2 business flight (Recorded on 2025-06-26)
754,Tech Conference Full Pass,Learn,6880.03,2025-06-27,true,Annual developer engineering summit registration (Recorded on 2025-06-27)
755,Starbucks Latte & Croissant,Food,391.34,2025-06-27,false,Meeting client over coffee & cookies (Recorded on 2025-06-27)
756,Coursera AI Specialization,Learn,4564.86,2025-06-27,true,Machine learning and deep neural networks lab (Recorded on 2025-06-27)
757,Uber Premier Commute,Transport,668.28,2025-06-27,false,Airport ride terminal 2 business flight (Recorded on 2025-06-27)
758,Express International Courier,Other,389.58,2025-06-27,true,Expedited legal document international courier parcel (Recorded on 2025-06-27)
759,Society Apartment Maintenance,Bills,4496.07,2025-06-28,true,Monthly housing security; backup generator & lift fee (Recorded on 2025-06-28)
760,Starbucks Latte & Croissant,Food,814.38,2025-06-28,false,Meeting client over coffee & cookies (Recorded on 2025-06-28)
761,Supermarket Staples,Food,4848.14,2025-06-29,true,Monthly pulses; basmati grains; spices and olive oil (Recorded on 2025-06-29)
762,Kindle Technical E-Books,Learn,674.46,2025-06-29,true,Software engineering architecture & financial books (Recorded on 2025-06-29)
763,Concert Live Music Festival,Fun,7673.25,2025-06-29,false,Weekend rock concert arena general admission pass (Recorded on 2025-06-29)
764,Tech Conference Full Pass,Learn,6158.65,2025-06-29,true,Annual developer engineering summit registration (Recorded on 2025-06-29)
765,City Mall Parking Fee,Transport,110.74,2025-06-30,false,Multi-level basement underground parking validation (Recorded on 2025-06-30)
766,Udemy Masterclass Bootcamp,Learn,1369.94,2025-06-30,true,Full-stack distributed cloud architecture video course (Recorded on 2025-06-30)
767,Physiotherapy Posture Rehab,Health,1338.30,2025-06-30,true,Spine and cervical posture rehab therapy session (Recorded on 2025-06-30)
768,Coursera AI Specialization,Learn,4028.63,2025-07-01,true,Machine learning and deep neural networks lab (Recorded on 2025-07-01)
769,iCloud / Google Cloud Storage,Bills,650.00,2025-07-01,true,2TB unified encrypted cloud backup subscription (Recorded on 2025-07-01)
770,Charity Foundation Contribution,Other,1912.55,2025-07-01,false,Monthly child education and midday meal sponsorship (Recorded on 2025-07-01)
771,Language Mastery Application,Learn,2184.74,2025-07-01,false,Annual conversational language learning subscription (Recorded on 2025-07-01)
772,Kindle Technical E-Books,Learn,1029.13,2025-07-01,true,Software engineering architecture & financial books (Recorded on 2025-07-01)
773,iCloud / Google Cloud Storage,Bills,650.00,2025-07-01,true,2TB unified encrypted cloud backup subscription (Recorded on 2025-07-01)
774,Metro Smart Card Recharge,Transport,633.99,2025-07-02,true,Monthly unlimited metro transit card recharge (Recorded on 2025-07-02)
775,Udemy Masterclass Bootcamp,Learn,1290.72,2025-07-02,true,Full-stack distributed cloud architecture video course (Recorded on 2025-07-02)
776,Cult.fit Fitness Gym Pass,Health,5032.75,2025-07-02,true,Quarterly fitness center gym and yoga pass (Recorded on 2025-07-02)
777,Municipal Water Authority,Bills,529.96,2025-07-03,true,Quarterly residential piped water supply charges (Recorded on 2025-07-03)
778,Electricity Power Utility,Bills,1850.52,2025-07-03,true,Monthly household air conditioning electricity bill (Recorded on 2025-07-03)
779,Language Mastery Application,Learn,2555.99,2025-07-04,false,Annual conversational language learning subscription (Recorded on 2025-07-04)
780,Kindle Technical E-Books,Learn,469.70,2025-07-04,true,Software engineering architecture & financial books (Recorded on 2025-07-04)
781,Physiotherapy Posture Rehab,Health,865.14,2025-07-04,true,Spine and cervical posture rehab therapy session (Recorded on 2025-07-04)
782,Diagnostic Comprehensive Blood Panel,Health,2228.38,2025-07-05,true,Full body health checkup; liver and lipid profile (Recorded on 2025-07-05)
783,Language Mastery Application,Learn,2778.17,2025-07-05,false,Annual conversational language learning subscription (Recorded on 2025-07-05)
784,Concert Live Music Festival,Fun,6105.52,2025-07-05,false,Weekend rock concert arena general admission pass (Recorded on 2025-07-05)
785,Udemy Masterclass Bootcamp,Learn,810.07,2025-07-05,true,Full-stack distributed cloud architecture video course (Recorded on 2025-07-05)
786,Mobile 5G Postpaid Plan,Bills,1045.56,2025-07-05,true,Unlimited 5G corporate postpaid phone plan (Recorded on 2025-07-05)
787,Shell Petrol Station Fuel,Transport,3499.76,2025-07-05,true,Full tank unleaded petrol for vehicle (Recorded on 2025-07-05)
788,Municipal Water Authority,Bills,741.33,2025-07-06,true,Quarterly residential piped water supply charges (Recorded on 2025-07-06)
789,Cult.fit Fitness Gym Pass,Health,9221.11,2025-07-06,true,Quarterly fitness center gym and yoga pass (Recorded on 2025-07-06)
790,Friend Wedding / Birthday Gift,Other,5583.34,2025-07-06,false,Custom engraved stainless steel wristwatch with box (Recorded on 2025-07-06)
791,Dry Cleaning & Garment Care,Other,762.59,2025-07-06,true,Winter wool coats; formal suits and blazers clean (Recorded on 2025-07-06)
792,Blinkit Quick Delivery,Food,213.02,2025-07-06,false,Midnight craving snacks; chocolate and ice cream (Recorded on 2025-07-06)
793,Coursera AI Specialization,Learn,4439.22,2025-07-07,true,Machine learning and deep neural networks lab (Recorded on 2025-07-07)
794,Tech Conference Full Pass,Learn,5180.62,2025-07-07,true,Annual developer engineering summit registration (Recorded on 2025-07-07)
795,Physiotherapy Posture Rehab,Health,1463.10,2025-07-07,true,Spine and cervical posture rehab therapy session (Recorded on 2025-07-07)
796,Go-Karting Speedway Grand Prix,Fun,2128.37,2025-07-07,false,Weekend competitive racing sessions with group (Recorded on 2025-07-07)
797,Coursera AI Specialization,Learn,4290.45,2025-07-07,true,Machine learning and deep neural networks lab (Recorded on 2025-07-07)
798,Friend Wedding / Birthday Gift,Other,6409.87,2025-07-07,false,Custom engraved stainless steel wristwatch with box (Recorded on 2025-07-07)
799,Coursera AI Specialization,Learn,4815.49,2025-07-08,true,Machine learning and deep neural networks lab (Recorded on 2025-07-08)
800,Coursera AI Specialization,Learn,4112.89,2025-07-08,true,Machine learning and deep neural networks lab (Recorded on 2025-07-08)
801,Concert Live Music Festival,Fun,8486.32,2025-07-08,false,Weekend rock concert arena general admission pass (Recorded on 2025-07-08)
802,Apple Store MagSafe Battery,Shopping,10435.24,2025-07-08,false,Official magnetic fast wireless battery pack (Recorded on 2025-07-08)
803,Deep Home Sanitization Service,Other,3376.91,2025-07-09,true,Quarterly professional deep house cleaning and scrub (Recorded on 2025-07-09)
804,iCloud / Google Cloud Storage,Bills,650.00,2025-07-09,true,2TB unified encrypted cloud backup subscription (Recorded on 2025-07-09)
805,Language Mastery Application,Learn,2138.18,2025-07-10,false,Annual conversational language learning subscription (Recorded on 2025-07-10)
806,Airtel 5G Fiber Broadband,Bills,1125.34,2025-07-10,true,1 Gbps symmetrical unlimited high-speed fiber plan (Recorded on 2025-07-10)
807,Language Mastery Application,Learn,2072.97,2025-07-11,false,Annual conversational language learning subscription (Recorded on 2025-07-11)
808,Friend Wedding / Birthday Gift,Other,4504.03,2025-07-11,false,Custom engraved stainless steel wristwatch with box (Recorded on 2025-07-11)
809,Tech Conference Full Pass,Learn,4683.83,2025-07-11,true,Annual developer engineering summit registration (Recorded on 2025-07-11)
810,Metro Smart Card Recharge,Transport,884.48,2025-07-12,true,Monthly unlimited metro transit card recharge (Recorded on 2025-07-12)
811,Dental Scaling & Oral Checkup,Health,2041.10,2025-07-12,true,Bi-annual preventive dental cleaning and exam (Recorded on 2025-07-12)
812,Bakery Artisanal Bread & Pastry,Food,494.75,2025-07-12,true,Morning bakery supplies and sourdough loaf (Recorded on 2025-07-12)
813,Coursera AI Specialization,Learn,4964.72,2025-07-12,true,Machine learning and deep neural networks lab (Recorded on 2025-07-12)
814,Uber Premier Commute,Transport,543.68,2025-07-13,false,Airport ride terminal 2 business flight (Recorded on 2025-07-13)
815,Concert Live Music Festival,Fun,7234.27,2025-07-13,false,Weekend rock concert arena general admission pass (Recorded on 2025-07-13)
816,Go-Karting Speedway Grand Prix,Fun,2248.24,2025-07-13,false,Weekend competitive racing sessions with group (Recorded on 2025-07-13)
817,Friend Wedding / Birthday Gift,Other,5952.19,2025-07-13,false,Custom engraved stainless steel wristwatch with box (Recorded on 2025-07-13)
818,IKEA Modular Desk Organizers,Shopping,7486.21,2025-07-13,false,Desk cable management units; drawer trays & LED (Recorded on 2025-07-13)
819,Expressway FASTag Toll,Transport,449.59,2025-07-14,true,State expressway toll automated electronic debit (Recorded on 2025-07-14)
820,Metro Smart Card Recharge,Transport,915.66,2025-07-14,true,Monthly unlimited metro transit card recharge (Recorded on 2025-07-14)
821,IKEA Modular Desk Organizers,Shopping,3370.65,2025-07-14,false,Desk cable management units; drawer trays & LED (Recorded on 2025-07-14)
822,Deep Home Sanitization Service,Other,3542.23,2025-07-14,true,Quarterly professional deep house cleaning and scrub (Recorded on 2025-07-14)
823,Diagnostic Comprehensive Blood Panel,Health,2424.53,2025-07-14,true,Full body health checkup; liver and lipid profile (Recorded on 2025-07-14)
824,Apollo Pharmacy Prescription,Health,855.36,2025-07-15,true,Prescription medication; vitamin D3 & omega-3 (Recorded on 2025-07-15)
825,Uber Premier Commute,Transport,1256.72,2025-07-15,false,Airport ride terminal 2 business flight (Recorded on 2025-07-15)
826,Shell Petrol Station Fuel,Transport,4638.82,2025-07-15,true,Full tank unleaded petrol for vehicle (Recorded on 2025-07-15)
827,Concert Live Music Festival,Fun,4372.27,2025-07-15,false,Weekend rock concert arena general admission pass (Recorded on 2025-07-15)
828,IKEA Modular Desk Organizers,Shopping,4858.65,2025-07-15,false,Desk cable management units; drawer trays & LED (Recorded on 2025-07-15)
829,Spotify Premium Family Plan,Fun,1799.00,2025-07-16,false,Annual ad-free multi-user music streaming (Recorded on 2025-07-16)
830,Udemy Masterclass Bootcamp,Learn,848.11,2025-07-16,true,Full-stack distributed cloud architecture video course (Recorded on 2025-07-16)
831,Language Mastery Application,Learn,2028.19,2025-07-16,false,Annual conversational language learning subscription (Recorded on 2025-07-16)
832,Go-Karting Speedway Grand Prix,Fun,2684.41,2025-07-16,false,Weekend competitive racing sessions with group (Recorded on 2025-07-16)
833,Kindle Technical E-Books,Learn,978.55,2025-07-16,true,Software engineering architecture & financial books (Recorded on 2025-07-16)
834,iCloud / Google Cloud Storage,Bills,650.00,2025-07-17,true,2TB unified encrypted cloud backup subscription (Recorded on 2025-07-17)
835,Metro Smart Card Recharge,Transport,899.75,2025-07-17,true,Monthly unlimited metro transit card recharge (Recorded on 2025-07-17)
836,IKEA Modular Desk Organizers,Shopping,3455.24,2025-07-17,false,Desk cable management units; drawer trays & LED (Recorded on 2025-07-17)
837,Expressway FASTag Toll,Transport,602.42,2025-07-18,true,State expressway toll automated electronic debit (Recorded on 2025-07-18)
838,Friend Wedding / Birthday Gift,Other,7329.58,2025-07-18,false,Custom engraved stainless steel wristwatch with box (Recorded on 2025-07-18)
839,Physiotherapy Posture Rehab,Health,1072.05,2025-07-18,true,Spine and cervical posture rehab therapy session (Recorded on 2025-07-18)
840,Tech Conference Full Pass,Learn,5071.16,2025-07-18,true,Annual developer engineering summit registration (Recorded on 2025-07-18)
841,Diagnostic Comprehensive Blood Panel,Health,3619.93,2025-07-18,true,Full body health checkup; liver and lipid profile (Recorded on 2025-07-18)
842,Shell Petrol Station Fuel,Transport,3220.33,2025-07-19,true,Full tank unleaded petrol for vehicle (Recorded on 2025-07-19)
843,PlayStation Store RPG Purchase,Fun,3232.90,2025-07-19,false,Digital deluxe collector edition open world game (Recorded on 2025-07-19)
844,Optometry Eye Checkup & Frames,Health,2979.57,2025-07-19,true,Blue-light blocking high-index prescription lenses (Recorded on 2025-07-19)
845,Language Mastery Application,Learn,2595.43,2025-07-19,false,Annual conversational language learning subscription (Recorded on 2025-07-19)
846,Language Mastery Application,Learn,2184.75,2025-07-20,false,Annual conversational language learning subscription (Recorded on 2025-07-20)
847,Uniqlo Airism Essentials,Shopping,1583.79,2025-07-20,true,Innerwear; cooling undershirts and crew socks (Recorded on 2025-07-20)
848,Airtel 5G Fiber Broadband,Bills,1092.55,2025-07-20,true,1 Gbps symmetrical unlimited high-speed fiber plan (Recorded on 2025-07-20)
849,Friend Wedding / Birthday Gift,Other,2768.06,2025-07-20,false,Custom engraved stainless steel wristwatch with box (Recorded on 2025-07-20)
850,Apollo Pharmacy Prescription,Health,1104.22,2025-07-20,true,Prescription medication; vitamin D3 & omega-3 (Recorded on 2025-07-20)
851,Spotify Premium Family Plan,Fun,1799.00,2025-07-20,false,Annual ad-free multi-user music streaming (Recorded on 2025-07-20)
852,Charity Foundation Contribution,Other,3738.79,2025-07-21,false,Monthly child education and midday meal sponsorship (Recorded on 2025-07-21)
853,Language Mastery Application,Learn,2487.70,2025-07-21,false,Annual conversational language learning subscription (Recorded on 2025-07-21)
854,Uber Premier Commute,Transport,1206.09,2025-07-21,false,Airport ride terminal 2 business flight (Recorded on 2025-07-21)
855,PlayStation Store RPG Purchase,Fun,3064.39,2025-07-21,false,Digital deluxe collector edition open world game (Recorded on 2025-07-21)
856,Concert Live Music Festival,Fun,4943.35,2025-07-21,false,Weekend rock concert arena general admission pass (Recorded on 2025-07-21)
857,Friend Wedding / Birthday Gift,Other,5054.03,2025-07-22,false,Custom engraved stainless steel wristwatch with box (Recorded on 2025-07-22)
858,Expressway FASTag Toll,Transport,665.07,2025-07-22,true,State expressway toll automated electronic debit (Recorded on 2025-07-22)
859,Physiotherapy Posture Rehab,Health,1375.83,2025-07-22,true,Spine and cervical posture rehab therapy session (Recorded on 2025-07-22)
860,Fine Dining Restaurant,Food,6551.30,2025-07-22,false,Special anniversary dinner buffet (Recorded on 2025-07-22)
861,Kindle Technical E-Books,Learn,1001.99,2025-07-22,true,Software engineering architecture & financial books (Recorded on 2025-07-22)
862,iCloud / Google Cloud Storage,Bills,650.00,2025-07-23,true,2TB unified encrypted cloud backup subscription (Recorded on 2025-07-23)
863,Fine Dining Restaurant,Food,4708.30,2025-07-23,false,Special anniversary dinner buffet (Recorded on 2025-07-23)
864,IRCTC Executive Train Ticket,Transport,2204.67,2025-07-23,true,Intercity executive AC chair car reservation (Recorded on 2025-07-23)
865,Netflix 4K UltraHD Subscription,Fun,649.00,2025-07-24,false,Monthly family tier streaming account (Recorded on 2025-07-24)
866,Optometry Eye Checkup & Frames,Health,4902.07,2025-07-24,true,Blue-light blocking high-index prescription lenses (Recorded on 2025-07-24)
867,Uniqlo Airism Essentials,Shopping,1520.24,2025-07-25,true,Innerwear; cooling undershirts and crew socks (Recorded on 2025-07-25)
868,Spotify Premium Family Plan,Fun,1799.00,2025-07-25,false,Annual ad-free multi-user music streaming (Recorded on 2025-07-25)
869,Spotify Premium Family Plan,Fun,1799.00,2025-07-25,false,Annual ad-free multi-user music streaming (Recorded on 2025-07-25)
870,Bakery Artisanal Bread & Pastry,Food,292.26,2025-07-25,true,Morning bakery supplies and sourdough loaf (Recorded on 2025-07-25)
871,Society Apartment Maintenance,Bills,4439.17,2025-07-25,true,Monthly housing security; backup generator & lift fee (Recorded on 2025-07-25)
872,Mobile 5G Postpaid Plan,Bills,1085.37,2025-07-26,true,Unlimited 5G corporate postpaid phone plan (Recorded on 2025-07-26)
873,Shell Petrol Station Fuel,Transport,4714.38,2025-07-26,true,Full tank unleaded petrol for vehicle (Recorded on 2025-07-26)
874,Kindle Technical E-Books,Learn,1194.36,2025-07-26,true,Software engineering architecture & financial books (Recorded on 2025-07-26)
875,Apple Store MagSafe Battery,Shopping,10632.16,2025-07-26,false,Official magnetic fast wireless battery pack (Recorded on 2025-07-26)
876,Apple Store MagSafe Battery,Shopping,9544.19,2025-07-27,false,Official magnetic fast wireless battery pack (Recorded on 2025-07-27)
877,Spotify Premium Family Plan,Fun,1799.00,2025-07-27,false,Annual ad-free multi-user music streaming (Recorded on 2025-07-27)
878,Language Mastery Application,Learn,2141.17,2025-07-27,false,Annual conversational language learning subscription (Recorded on 2025-07-27)
879,Language Mastery Application,Learn,2450.99,2025-07-28,false,Annual conversational language learning subscription (Recorded on 2025-07-28)
880,Automobile Ceramic Detailing,Transport,2385.91,2025-07-28,false,Full interior vacuum; engine degrease and wash (Recorded on 2025-07-28)
881,LPG Cooking Gas Cylinder Refill,Bills,943.63,2025-07-28,true,Indane domestic LPG home delivery (Recorded on 2025-07-28)
882,Diagnostic Comprehensive Blood Panel,Health,4385.58,2025-07-28,true,Full body health checkup; liver and lipid profile (Recorded on 2025-07-28)
883,Whole Foods Grocery,Food,3612.08,2025-07-29,true,Weekly fresh vegetables; organic fruits and dairy (Recorded on 2025-07-29)
884,Express International Courier,Other,1072.59,2025-07-29,true,Expedited legal document international courier parcel (Recorded on 2025-07-29)
885,Udemy Masterclass Bootcamp,Learn,1473.50,2025-07-29,true,Full-stack distributed cloud architecture video course (Recorded on 2025-07-29)
886,Go-Karting Speedway Grand Prix,Fun,2037.07,2025-07-29,false,Weekend competitive racing sessions with group (Recorded on 2025-07-29)
887,Physiotherapy Posture Rehab,Health,1204.55,2025-07-30,true,Spine and cervical posture rehab therapy session (Recorded on 2025-07-30)
888,Express International Courier,Other,1110.03,2025-07-30,true,Expedited legal document international courier parcel (Recorded on 2025-07-30)
889,Swiggy Lunch Box,Food,179.87,2025-07-30,false,Office lunch meal with drink (Recorded on 2025-07-30)
890,Dry Cleaning & Garment Care,Other,749.08,2025-07-30,true,Winter wool coats; formal suits and blazers clean (Recorded on 2025-07-30)
891,Charity Foundation Contribution,Other,1002.70,2025-07-31,false,Monthly child education and midday meal sponsorship (Recorded on 2025-07-31)
892,Udemy Masterclass Bootcamp,Learn,1495.56,2025-07-31,true,Full-stack distributed cloud architecture video course (Recorded on 2025-07-31)
893,Apple Store MagSafe Battery,Shopping,9503.73,2025-07-31,false,Official magnetic fast wireless battery pack (Recorded on 2025-07-31)
894,City Mall Parking Fee,Transport,150.08,2025-08-01,false,Multi-level basement underground parking validation (Recorded on 2025-08-01)
895,Optometry Eye Checkup & Frames,Health,6105.58,2025-08-01,true,Blue-light blocking high-index prescription lenses (Recorded on 2025-08-01)
896,Amazon Tech Essentials,Shopping,1810.98,2025-08-01,true,USB-C multi-port hub; braided cables & adapter (Recorded on 2025-08-01)
897,LPG Cooking Gas Cylinder Refill,Bills,919.94,2025-08-01,true,Indane domestic LPG home delivery (Recorded on 2025-08-01)
898,Kindle Technical E-Books,Learn,977.77,2025-08-02,true,Software engineering architecture & financial books (Recorded on 2025-08-02)
899,Supermarket Staples,Food,4407.23,2025-08-02,true,Monthly pulses; basmati grains; spices and olive oil (Recorded on 2025-08-02)
900,Uniqlo Airism Essentials,Shopping,1720.24,2025-08-02,true,Innerwear; cooling undershirts and crew socks (Recorded on 2025-08-02)
901,Swiggy Lunch Box,Food,358.68,2025-08-03,false,Office lunch meal with drink (Recorded on 2025-08-03)
902,Automobile Ceramic Detailing,Transport,2796.27,2025-08-03,false,Full interior vacuum; engine degrease and wash (Recorded on 2025-08-03)
903,Dry Cleaning & Garment Care,Other,874.74,2025-08-03,true,Winter wool coats; formal suits and blazers clean (Recorded on 2025-08-03)
904,Metro Smart Card Recharge,Transport,551.60,2025-08-03,true,Monthly unlimited metro transit card recharge (Recorded on 2025-08-03)
905,Cult.fit Fitness Gym Pass,Health,5185.65,2025-08-03,true,Quarterly fitness center gym and yoga pass (Recorded on 2025-08-03)
906,Amazon Tech Essentials,Shopping,2119.70,2025-08-04,true,USB-C multi-port hub; braided cables & adapter (Recorded on 2025-08-04)
907,Bakery Artisanal Bread & Pastry,Food,388.01,2025-08-04,true,Morning bakery supplies and sourdough loaf (Recorded on 2025-08-04)
908,Express International Courier,Other,964.07,2025-08-04,true,Expedited legal document international courier parcel (Recorded on 2025-08-04)
909,Tech Conference Full Pass,Learn,7932.83,2025-08-05,true,Annual developer engineering summit registration (Recorded on 2025-08-05)
910,PVR IMAX 3D Recliner Tickets,Fun,2055.23,2025-08-05,false,Sci-fi movie premiere with large cheese popcorn (Recorded on 2025-08-05)
911,Neighborhood Hardware Store,Shopping,454.68,2025-08-05,true,Stainless screws; drywall anchors; drill accessories (Recorded on 2025-08-05)
912,Diagnostic Comprehensive Blood Panel,Health,2923.36,2025-08-06,true,Full body health checkup; liver and lipid profile (Recorded on 2025-08-06)
913,Zara Linen Summer Collection,Shopping,3314.78,2025-08-06,false,Breathable cotton casual button-up shirts (Recorded on 2025-08-06)
914,Auto Rickshaw Meter Fare,Transport,126.41,2025-08-06,true,Local city transit to metro station (Recorded on 2025-08-06)
915,iCloud / Google Cloud Storage,Bills,650.00,2025-08-06,true,2TB unified encrypted cloud backup subscription (Recorded on 2025-08-06)
916,Zomato Weekend Dinner,Food,1128.71,2025-08-06,false,Family gourmet pizza and pasta treat (Recorded on 2025-08-06)
917,Board Game Pub & Cafe,Fun,1100.51,2025-08-07,false,Strategy game night craft beers and nacho platters (Recorded on 2025-08-07)
918,Supermarket Staples,Food,4479.55,2025-08-07,true,Monthly pulses; basmati grains; spices and olive oil (Recorded on 2025-08-07)
919,Auto Rickshaw Meter Fare,Transport,119.95,2025-08-07,true,Local city transit to metro station (Recorded on 2025-08-07)
920,Uber Premier Commute,Transport,1387.54,2025-08-07,false,Airport ride terminal 2 business flight (Recorded on 2025-08-07)
921,Dental Scaling & Oral Checkup,Health,1702.89,2025-08-07,true,Bi-annual preventive dental cleaning and exam (Recorded on 2025-08-07)
922,Coursera AI Specialization,Learn,4545.36,2025-08-07,true,Machine learning and deep neural networks lab (Recorded on 2025-08-07)
923,Dry Cleaning & Garment Care,Other,620.03,2025-08-08,true,Winter wool coats; formal suits and blazers clean (Recorded on 2025-08-08)
924,Uber Premier Commute,Transport,699.08,2025-08-08,false,Airport ride terminal 2 business flight (Recorded on 2025-08-08)
925,Swiggy Lunch Box,Food,434.60,2025-08-08,false,Office lunch meal with drink (Recorded on 2025-08-08)
926,LPG Cooking Gas Cylinder Refill,Bills,921.26,2025-08-09,true,Indane domestic LPG home delivery (Recorded on 2025-08-09)
927,Language Mastery Application,Learn,2700.81,2025-08-09,false,Annual conversational language learning subscription (Recorded on 2025-08-09)
928,Shell Petrol Station Fuel,Transport,3138.18,2025-08-09,true,Full tank unleaded petrol for vehicle (Recorded on 2025-08-09)
929,Electricity Power Utility,Bills,3138.44,2025-08-09,true,Monthly household air conditioning electricity bill (Recorded on 2025-08-09)
930,Spotify Premium Family Plan,Fun,1799.00,2025-08-09,false,Annual ad-free multi-user music streaming (Recorded on 2025-08-09)
931,Diagnostic Comprehensive Blood Panel,Health,3548.81,2025-08-10,true,Full body health checkup; liver and lipid profile (Recorded on 2025-08-10)
932,Expressway FASTag Toll,Transport,619.21,2025-08-10,true,State expressway toll automated electronic debit (Recorded on 2025-08-10)
933,PVR IMAX 3D Recliner Tickets,Fun,1142.27,2025-08-10,false,Sci-fi movie premiere with large cheese popcorn (Recorded on 2025-08-10)
934,IRCTC Executive Train Ticket,Transport,1837.83,2025-08-11,true,Intercity executive AC chair car reservation (Recorded on 2025-08-11)
935,Zomato Weekend Dinner,Food,1865.73,2025-08-11,false,Family gourmet pizza and pasta treat (Recorded on 2025-08-11)
936,Amazon Tech Essentials,Shopping,928.14,2025-08-11,true,USB-C multi-port hub; braided cables & adapter (Recorded on 2025-08-11)
937,Apple Store MagSafe Battery,Shopping,8922.70,2025-08-11,false,Official magnetic fast wireless battery pack (Recorded on 2025-08-11)
938,Express International Courier,Other,794.55,2025-08-11,true,Expedited legal document international courier parcel (Recorded on 2025-08-11)
939,IKEA Modular Desk Organizers,Shopping,2260.71,2025-08-12,false,Desk cable management units; drawer trays & LED (Recorded on 2025-08-12)
940,LPG Cooking Gas Cylinder Refill,Bills,938.64,2025-08-12,true,Indane domestic LPG home delivery (Recorded on 2025-08-12)
941,Local Fruit Stall,Food,522.84,2025-08-12,true,Fresh seasonal Alphonso mangoes and apples (Recorded on 2025-08-12)
942,Society Apartment Maintenance,Bills,3346.91,2025-08-12,true,Monthly housing security; backup generator & lift fee (Recorded on 2025-08-12)
943,IRCTC Executive Train Ticket,Transport,1610.04,2025-08-13,true,Intercity executive AC chair car reservation (Recorded on 2025-08-13)
944,Apollo Pharmacy Prescription,Health,1124.47,2025-08-13,true,Prescription medication; vitamin D3 & omega-3 (Recorded on 2025-08-13)
945,IKEA Modular Desk Organizers,Shopping,2443.02,2025-08-13,false,Desk cable management units; drawer trays & LED (Recorded on 2025-08-13)
946,Metro Smart Card Recharge,Transport,614.20,2025-08-13,true,Monthly unlimited metro transit card recharge (Recorded on 2025-08-13)
947,Swiggy Lunch Box,Food,407.61,2025-08-13,false,Office lunch meal with drink (Recorded on 2025-08-13)
948,Supermarket Staples,Food,2683.93,2025-08-13,true,Monthly pulses; basmati grains; spices and olive oil (Recorded on 2025-08-13)
949,Udemy Masterclass Bootcamp,Learn,842.17,2025-08-14,true,Full-stack distributed cloud architecture video course (Recorded on 2025-08-14)
950,Chai & Samosa Corner,Food,128.34,2025-08-14,true,Evening masala tea with team members (Recorded on 2025-08-14)
951,Udemy Masterclass Bootcamp,Learn,956.44,2025-08-14,true,Full-stack distributed cloud architecture video course (Recorded on 2025-08-14)
952,Coursera AI Specialization,Learn,4270.26,2025-08-14,true,Machine learning and deep neural networks lab (Recorded on 2025-08-14)
953,Apollo Pharmacy Prescription,Health,1127.76,2025-08-15,true,Prescription medication; vitamin D3 & omega-3 (Recorded on 2025-08-15)
954,Starbucks Latte & Croissant,Food,461.59,2025-08-15,false,Meeting client over coffee & cookies (Recorded on 2025-08-15)
955,Blinkit Quick Delivery,Food,139.30,2025-08-16,false,Midnight craving snacks; chocolate and ice cream (Recorded on 2025-08-16)
956,Express International Courier,Other,1007.50,2025-08-16,true,Expedited legal document international courier parcel (Recorded on 2025-08-16)
957,Mobile 5G Postpaid Plan,Bills,842.19,2025-08-16,true,Unlimited 5G corporate postpaid phone plan (Recorded on 2025-08-16)
958,Dry Cleaning & Garment Care,Other,1042.70,2025-08-16,true,Winter wool coats; formal suits and blazers clean (Recorded on 2025-08-16)
959,Society Apartment Maintenance,Bills,5004.37,2025-08-16,true,Monthly housing security; backup generator & lift fee (Recorded on 2025-08-16)
960,Go-Karting Speedway Grand Prix,Fun,2236.55,2025-08-16,false,Weekend competitive racing sessions with group (Recorded on 2025-08-16)
961,Board Game Pub & Cafe,Fun,1685.51,2025-08-17,false,Strategy game night craft beers and nacho platters (Recorded on 2025-08-17)
962,Netflix 4K UltraHD Subscription,Fun,649.00,2025-08-17,false,Monthly family tier streaming account (Recorded on 2025-08-17)
963,Blinkit Quick Delivery,Food,126.69,2025-08-17,false,Midnight craving snacks; chocolate and ice cream (Recorded on 2025-08-17)
964,Optometry Eye Checkup & Frames,Health,5842.25,2025-08-17,true,Blue-light blocking high-index prescription lenses (Recorded on 2025-08-17)
965,Local Fruit Stall,Food,200.58,2025-08-17,true,Fresh seasonal Alphonso mangoes and apples (Recorded on 2025-08-17)
966,Electricity Power Utility,Bills,2097.66,2025-08-18,true,Monthly household air conditioning electricity bill (Recorded on 2025-08-18)
967,Go-Karting Speedway Grand Prix,Fun,2484.06,2025-08-18,false,Weekend competitive racing sessions with group (Recorded on 2025-08-18)
968,Starbucks Latte & Croissant,Food,705.83,2025-08-18,false,Meeting client over coffee & cookies (Recorded on 2025-08-18)
969,Uber Premier Commute,Transport,1325.21,2025-08-18,false,Airport ride terminal 2 business flight (Recorded on 2025-08-18)
970,Coursera AI Specialization,Learn,4457.46,2025-08-18,true,Machine learning and deep neural networks lab (Recorded on 2025-08-18)
971,Shell Petrol Station Fuel,Transport,3965.60,2025-08-19,true,Full tank unleaded petrol for vehicle (Recorded on 2025-08-19)
972,Kindle Technical E-Books,Learn,893.92,2025-08-19,true,Software engineering architecture & financial books (Recorded on 2025-08-19)
973,Udemy Masterclass Bootcamp,Learn,888.42,2025-08-20,true,Full-stack distributed cloud architecture video course (Recorded on 2025-08-20)
974,iCloud / Google Cloud Storage,Bills,650.00,2025-08-20,true,2TB unified encrypted cloud backup subscription (Recorded on 2025-08-20)
975,Coursera AI Specialization,Learn,4317.06,2025-08-21,true,Machine learning and deep neural networks lab (Recorded on 2025-08-21)
976,Airtel 5G Fiber Broadband,Bills,1036.34,2025-08-21,true,1 Gbps symmetrical unlimited high-speed fiber plan (Recorded on 2025-08-21)
977,Netflix 4K UltraHD Subscription,Fun,649.00,2025-08-21,false,Monthly family tier streaming account (Recorded on 2025-08-21)
978,Shell Petrol Station Fuel,Transport,2743.01,2025-08-21,true,Full tank unleaded petrol for vehicle (Recorded on 2025-08-21)
979,Express International Courier,Other,695.54,2025-08-22,true,Expedited legal document international courier parcel (Recorded on 2025-08-22)
980,Dental Scaling & Oral Checkup,Health,1787.49,2025-08-22,true,Bi-annual preventive dental cleaning and exam (Recorded on 2025-08-22)
981,Express International Courier,Other,1074.61,2025-08-22,true,Expedited legal document international courier parcel (Recorded on 2025-08-22)
982,Shell Petrol Station Fuel,Transport,4357.47,2025-08-22,true,Full tank unleaded petrol for vehicle (Recorded on 2025-08-22)
983,iCloud / Google Cloud Storage,Bills,650.00,2025-08-22,true,2TB unified encrypted cloud backup subscription (Recorded on 2025-08-22)
984,Supermarket Staples,Food,5843.70,2025-08-23,true,Monthly pulses; basmati grains; spices and olive oil (Recorded on 2025-08-23)
985,Dental Scaling & Oral Checkup,Health,1318.58,2025-08-23,true,Bi-annual preventive dental cleaning and exam (Recorded on 2025-08-23)
986,PlayStation Store RPG Purchase,Fun,3791.49,2025-08-23,false,Digital deluxe collector edition open world game (Recorded on 2025-08-23)
987,Zomato Weekend Dinner,Food,1216.27,2025-08-23,false,Family gourmet pizza and pasta treat (Recorded on 2025-08-23)
988,Amazon Tech Essentials,Shopping,3089.77,2025-08-23,true,USB-C multi-port hub; braided cables & adapter (Recorded on 2025-08-23)
989,Friend Wedding / Birthday Gift,Other,6240.39,2025-08-23,false,Custom engraved stainless steel wristwatch with box (Recorded on 2025-08-23)
990,IRCTC Executive Train Ticket,Transport,1097.77,2025-08-24,true,Intercity executive AC chair car reservation (Recorded on 2025-08-24)
991,Amazon Tech Essentials,Shopping,926.51,2025-08-24,true,USB-C multi-port hub; braided cables & adapter (Recorded on 2025-08-24)
992,Netflix 4K UltraHD Subscription,Fun,649.00,2025-08-24,false,Monthly family tier streaming account (Recorded on 2025-08-24)
993,Coursera AI Specialization,Learn,4685.29,2025-08-25,true,Machine learning and deep neural networks lab (Recorded on 2025-08-25)
994,Expressway FASTag Toll,Transport,750.46,2025-08-25,true,State expressway toll automated electronic debit (Recorded on 2025-08-25)
995,Uber Premier Commute,Transport,1397.30,2025-08-25,false,Airport ride terminal 2 business flight (Recorded on 2025-08-25)
996,Deep Home Sanitization Service,Other,2683.96,2025-08-26,true,Quarterly professional deep house cleaning and scrub (Recorded on 2025-08-26)
997,Apollo Pharmacy Prescription,Health,507.64,2025-08-26,true,Prescription medication; vitamin D3 & omega-3 (Recorded on 2025-08-26)
998,Dry Cleaning & Garment Care,Other,801.59,2025-08-26,true,Winter wool coats; formal suits and blazers clean (Recorded on 2025-08-26)
999,Language Mastery Application,Learn,2495.13,2025-08-27,false,Annual conversational language learning subscription (Recorded on 2025-08-27)
1000,Language Mastery Application,Learn,2171.81,2025-08-27,false,Annual conversational language learning subscription (Recorded on 2025-08-27)
1001,Netflix 4K UltraHD Subscription,Fun,649.00,2025-08-27,false,Monthly family tier streaming account (Recorded on 2025-08-27)
1002,Mobile 5G Postpaid Plan,Bills,1022.01,2025-08-27,true,Unlimited 5G corporate postpaid phone plan (Recorded on 2025-08-27)
1003,Amazon Tech Essentials,Shopping,2312.06,2025-08-27,true,USB-C multi-port hub; braided cables & adapter (Recorded on 2025-08-27)
1004,Board Game Pub & Cafe,Fun,989.37,2025-08-27,false,Strategy game night craft beers and nacho platters (Recorded on 2025-08-27)
1005,Dry Cleaning & Garment Care,Other,705.27,2025-08-28,true,Winter wool coats; formal suits and blazers clean (Recorded on 2025-08-28)
1006,Udemy Masterclass Bootcamp,Learn,1034.39,2025-08-28,true,Full-stack distributed cloud architecture video course (Recorded on 2025-08-28)
1007,Board Game Pub & Cafe,Fun,1793.20,2025-08-28,false,Strategy game night craft beers and nacho platters (Recorded on 2025-08-28)
1008,Blinkit Quick Delivery,Food,338.94,2025-08-28,false,Midnight craving snacks; chocolate and ice cream (Recorded on 2025-08-28)
1009,Diagnostic Comprehensive Blood Panel,Health,3452.39,2025-08-28,true,Full body health checkup; liver and lipid profile (Recorded on 2025-08-28)
1010,Physiotherapy Posture Rehab,Health,1151.68,2025-08-29,true,Spine and cervical posture rehab therapy session (Recorded on 2025-08-29)
1011,Coursera AI Specialization,Learn,4178.82,2025-08-29,true,Machine learning and deep neural networks lab (Recorded on 2025-08-29)
1012,Physiotherapy Posture Rehab,Health,953.31,2025-08-29,true,Spine and cervical posture rehab therapy session (Recorded on 2025-08-29)
1013,Electricity Power Utility,Bills,4149.42,2025-08-29,true,Monthly household air conditioning electricity bill (Recorded on 2025-08-29)
1014,Friend Wedding / Birthday Gift,Other,4287.16,2025-08-29,false,Custom engraved stainless steel wristwatch with box (Recorded on 2025-08-29)
1015,Netflix 4K UltraHD Subscription,Fun,649.00,2025-08-30,false,Monthly family tier streaming account (Recorded on 2025-08-30)
1016,Auto Rickshaw Meter Fare,Transport,138.82,2025-08-30,true,Local city transit to metro station (Recorded on 2025-08-30)
1017,Society Apartment Maintenance,Bills,5077.46,2025-08-30,true,Monthly housing security; backup generator & lift fee (Recorded on 2025-08-30)
1018,Supermarket Staples,Food,4802.77,2025-08-30,true,Monthly pulses; basmati grains; spices and olive oil (Recorded on 2025-08-30)
1019,Coursera AI Specialization,Learn,4934.21,2025-08-30,true,Machine learning and deep neural networks lab (Recorded on 2025-08-30)
1020,Zara Linen Summer Collection,Shopping,3165.24,2025-08-30,false,Breathable cotton casual button-up shirts (Recorded on 2025-08-30)
1021,Physiotherapy Posture Rehab,Health,819.74,2025-08-31,true,Spine and cervical posture rehab therapy session (Recorded on 2025-08-31)
1022,Physiotherapy Posture Rehab,Health,1194.52,2025-08-31,true,Spine and cervical posture rehab therapy session (Recorded on 2025-08-31)
1023,Spotify Premium Family Plan,Fun,1799.00,2025-08-31,false,Annual ad-free multi-user music streaming (Recorded on 2025-08-31)
1024,Friend Wedding / Birthday Gift,Other,4045.27,2025-08-31,false,Custom engraved stainless steel wristwatch with box (Recorded on 2025-08-31)
1025,Whole Foods Grocery,Food,1385.35,2025-09-01,true,Weekly fresh vegetables; organic fruits and dairy (Recorded on 2025-09-01)
1026,PVR IMAX 3D Recliner Tickets,Fun,1537.03,2025-09-01,false,Sci-fi movie premiere with large cheese popcorn (Recorded on 2025-09-01)
1027,Local Fruit Stall,Food,567.16,2025-09-01,true,Fresh seasonal Alphonso mangoes and apples (Recorded on 2025-09-01)
1028,Spotify Premium Family Plan,Fun,1799.00,2025-09-01,false,Annual ad-free multi-user music streaming (Recorded on 2025-09-01)
1029,IKEA Modular Desk Organizers,Shopping,5801.34,2025-09-01,false,Desk cable management units; drawer trays & LED (Recorded on 2025-09-01)
1030,Swiggy Lunch Box,Food,194.31,2025-09-02,false,Office lunch meal with drink (Recorded on 2025-09-02)
1031,Neighborhood Hardware Store,Shopping,444.28,2025-09-02,true,Stainless screws; drywall anchors; drill accessories (Recorded on 2025-09-02)
1032,Apollo Pharmacy Prescription,Health,954.35,2025-09-02,true,Prescription medication; vitamin D3 & omega-3 (Recorded on 2025-09-02)
1033,Tech Conference Full Pass,Learn,5005.16,2025-09-02,true,Annual developer engineering summit registration (Recorded on 2025-09-02)
1034,Dental Scaling & Oral Checkup,Health,2468.62,2025-09-03,true,Bi-annual preventive dental cleaning and exam (Recorded on 2025-09-03)
1035,Language Mastery Application,Learn,2648.18,2025-09-03,false,Annual conversational language learning subscription (Recorded on 2025-09-03)
1036,Apple Store MagSafe Battery,Shopping,10837.49,2025-09-03,false,Official magnetic fast wireless battery pack (Recorded on 2025-09-03)
1037,Dental Scaling & Oral Checkup,Health,2065.19,2025-09-03,true,Bi-annual preventive dental cleaning and exam (Recorded on 2025-09-03)
1038,Coursera AI Specialization,Learn,4732.99,2025-09-04,true,Machine learning and deep neural networks lab (Recorded on 2025-09-04)
1039,Airtel 5G Fiber Broadband,Bills,1087.85,2025-09-04,true,1 Gbps symmetrical unlimited high-speed fiber plan (Recorded on 2025-09-04)
1040,Bakery Artisanal Bread & Pastry,Food,305.31,2025-09-04,true,Morning bakery supplies and sourdough loaf (Recorded on 2025-09-04)
1041,Starbucks Latte & Croissant,Food,651.19,2025-09-05,false,Meeting client over coffee & cookies (Recorded on 2025-09-05)
1042,Board Game Pub & Cafe,Fun,1300.38,2025-09-05,false,Strategy game night craft beers and nacho platters (Recorded on 2025-09-05)
1043,Deep Home Sanitization Service,Other,3162.34,2025-09-05,true,Quarterly professional deep house cleaning and scrub (Recorded on 2025-09-05)
1044,Auto Rickshaw Meter Fare,Transport,101.62,2025-09-05,true,Local city transit to metro station (Recorded on 2025-09-05)
1045,Dental Scaling & Oral Checkup,Health,2027.04,2025-09-05,true,Bi-annual preventive dental cleaning and exam (Recorded on 2025-09-05)
1046,City Mall Parking Fee,Transport,189.33,2025-09-05,false,Multi-level basement underground parking validation (Recorded on 2025-09-05)
1047,Netflix 4K UltraHD Subscription,Fun,649.00,2025-09-06,false,Monthly family tier streaming account (Recorded on 2025-09-06)
1048,City Mall Parking Fee,Transport,151.33,2025-09-06,false,Multi-level basement underground parking validation (Recorded on 2025-09-06)
1049,Uber Premier Commute,Transport,495.74,2025-09-06,false,Airport ride terminal 2 business flight (Recorded on 2025-09-06)
1050,Charity Foundation Contribution,Other,4876.41,2025-09-06,false,Monthly child education and midday meal sponsorship (Recorded on 2025-09-06)
1051,Charity Foundation Contribution,Other,2404.92,2025-09-07,false,Monthly child education and midday meal sponsorship (Recorded on 2025-09-07)
1052,Kindle Technical E-Books,Learn,1071.61,2025-09-07,true,Software engineering architecture & financial books (Recorded on 2025-09-07)
1053,Netflix 4K UltraHD Subscription,Fun,649.00,2025-09-07,false,Monthly family tier streaming account (Recorded on 2025-09-07)
1054,Dry Cleaning & Garment Care,Other,1559.03,2025-09-07,true,Winter wool coats; formal suits and blazers clean (Recorded on 2025-09-07)
1055,Zomato Weekend Dinner,Food,832.12,2025-09-07,false,Family gourmet pizza and pasta treat (Recorded on 2025-09-07)
1056,Metro Smart Card Recharge,Transport,670.90,2025-09-08,true,Monthly unlimited metro transit card recharge (Recorded on 2025-09-08)
1057,Udemy Masterclass Bootcamp,Learn,1284.59,2025-09-08,true,Full-stack distributed cloud architecture video course (Recorded on 2025-09-08)
1058,City Mall Parking Fee,Transport,218.81,2025-09-08,false,Multi-level basement underground parking validation (Recorded on 2025-09-08)
1059,Dry Cleaning & Garment Care,Other,1117.59,2025-09-08,true,Winter wool coats; formal suits and blazers clean (Recorded on 2025-09-08)
1060,Udemy Masterclass Bootcamp,Learn,741.84,2025-09-09,true,Full-stack distributed cloud architecture video course (Recorded on 2025-09-09)
1061,Dental Scaling & Oral Checkup,Health,2466.72,2025-09-09,true,Bi-annual preventive dental cleaning and exam (Recorded on 2025-09-09)
1062,Tech Conference Full Pass,Learn,8110.19,2025-09-09,true,Annual developer engineering summit registration (Recorded on 2025-09-09)
1063,LPG Cooking Gas Cylinder Refill,Bills,878.15,2025-09-10,true,Indane domestic LPG home delivery (Recorded on 2025-09-10)
1064,PVR IMAX 3D Recliner Tickets,Fun,869.49,2025-09-10,false,Sci-fi movie premiere with large cheese popcorn (Recorded on 2025-09-10)
1065,Deep Home Sanitization Service,Other,2609.01,2025-09-10,true,Quarterly professional deep house cleaning and scrub (Recorded on 2025-09-10)
1066,Blinkit Quick Delivery,Food,144.54,2025-09-10,false,Midnight craving snacks; chocolate and ice cream (Recorded on 2025-09-10)
1067,Deep Home Sanitization Service,Other,2693.97,2025-09-10,true,Quarterly professional deep house cleaning and scrub (Recorded on 2025-09-10)
1068,Netflix 4K UltraHD Subscription,Fun,649.00,2025-09-10,false,Monthly family tier streaming account (Recorded on 2025-09-10)
1069,IRCTC Executive Train Ticket,Transport,2173.47,2025-09-11,true,Intercity executive AC chair car reservation (Recorded on 2025-09-11)
1070,iCloud / Google Cloud Storage,Bills,650.00,2025-09-11,true,2TB unified encrypted cloud backup subscription (Recorded on 2025-09-11)
1071,Language Mastery Application,Learn,2488.10,2025-09-11,false,Annual conversational language learning subscription (Recorded on 2025-09-11)
1072,Electricity Power Utility,Bills,3582.35,2025-09-11,true,Monthly household air conditioning electricity bill (Recorded on 2025-09-11)
1073,IKEA Modular Desk Organizers,Shopping,6812.84,2025-09-12,false,Desk cable management units; drawer trays & LED (Recorded on 2025-09-12)
1074,Dental Scaling & Oral Checkup,Health,1779.51,2025-09-12,true,Bi-annual preventive dental cleaning and exam (Recorded on 2025-09-12)
1075,Municipal Water Authority,Bills,582.53,2025-09-12,true,Quarterly residential piped water supply charges (Recorded on 2025-09-12)
1076,Spotify Premium Family Plan,Fun,1799.00,2025-09-12,false,Annual ad-free multi-user music streaming (Recorded on 2025-09-12)
1077,Society Apartment Maintenance,Bills,3341.77,2025-09-12,true,Monthly housing security; backup generator & lift fee (Recorded on 2025-09-12)
1078,City Mall Parking Fee,Transport,261.64,2025-09-13,false,Multi-level basement underground parking validation (Recorded on 2025-09-13)
1079,Tech Conference Full Pass,Learn,5637.56,2025-09-13,true,Annual developer engineering summit registration (Recorded on 2025-09-13)
1080,Tech Conference Full Pass,Learn,6593.16,2025-09-14,true,Annual developer engineering summit registration (Recorded on 2025-09-14)
1081,Friend Wedding / Birthday Gift,Other,6908.27,2025-09-14,false,Custom engraved stainless steel wristwatch with box (Recorded on 2025-09-14)
1082,Electricity Power Utility,Bills,2742.33,2025-09-15,true,Monthly household air conditioning electricity bill (Recorded on 2025-09-15)
1083,Chai & Samosa Corner,Food,102.83,2025-09-15,true,Evening masala tea with team members (Recorded on 2025-09-15)
1084,Amazon Tech Essentials,Shopping,3083.24,2025-09-15,true,USB-C multi-port hub; braided cables & adapter (Recorded on 2025-09-15)
1085,Deep Home Sanitization Service,Other,4398.12,2025-09-15,true,Quarterly professional deep house cleaning and scrub (Recorded on 2025-09-15)
1086,Zara Linen Summer Collection,Shopping,5281.30,2025-09-15,false,Breathable cotton casual button-up shirts (Recorded on 2025-09-15)
1087,Blinkit Quick Delivery,Food,141.94,2025-09-16,false,Midnight craving snacks; chocolate and ice cream (Recorded on 2025-09-16)
1088,Udemy Masterclass Bootcamp,Learn,1496.82,2025-09-16,true,Full-stack distributed cloud architecture video course (Recorded on 2025-09-16)
1089,Neighborhood Hardware Store,Shopping,855.79,2025-09-16,true,Stainless screws; drywall anchors; drill accessories (Recorded on 2025-09-16)
1090,Metro Smart Card Recharge,Transport,694.05,2025-09-17,true,Monthly unlimited metro transit card recharge (Recorded on 2025-09-17)
1091,Tech Conference Full Pass,Learn,6130.63,2025-09-17,true,Annual developer engineering summit registration (Recorded on 2025-09-17)
1092,Society Apartment Maintenance,Bills,4253.76,2025-09-17,true,Monthly housing security; backup generator & lift fee (Recorded on 2025-09-17)
1093,Bakery Artisanal Bread & Pastry,Food,368.02,2025-09-17,true,Morning bakery supplies and sourdough loaf (Recorded on 2025-09-17)
1094,Automobile Ceramic Detailing,Transport,1544.18,2025-09-18,false,Full interior vacuum; engine degrease and wash (Recorded on 2025-09-18)
1095,Metro Smart Card Recharge,Transport,781.34,2025-09-18,true,Monthly unlimited metro transit card recharge (Recorded on 2025-09-18)
1096,Expressway FASTag Toll,Transport,720.49,2025-09-18,true,State expressway toll automated electronic debit (Recorded on 2025-09-18)
1097,Diagnostic Comprehensive Blood Panel,Health,2807.51,2025-09-18,true,Full body health checkup; liver and lipid profile (Recorded on 2025-09-18)
1098,Friend Wedding / Birthday Gift,Other,5544.81,2025-09-18,false,Custom engraved stainless steel wristwatch with box (Recorded on 2025-09-18)
1099,IKEA Modular Desk Organizers,Shopping,3917.25,2025-09-19,false,Desk cable management units; drawer trays & LED (Recorded on 2025-09-19)
1100,Kindle Technical E-Books,Learn,746.84,2025-09-19,true,Software engineering architecture & financial books (Recorded on 2025-09-19)
1101,PVR IMAX 3D Recliner Tickets,Fun,1844.05,2025-09-20,false,Sci-fi movie premiere with large cheese popcorn (Recorded on 2025-09-20)
1102,Mobile 5G Postpaid Plan,Bills,809.12,2025-09-20,true,Unlimited 5G corporate postpaid phone plan (Recorded on 2025-09-20)
1103,Mobile 5G Postpaid Plan,Bills,939.17,2025-09-20,true,Unlimited 5G corporate postpaid phone plan (Recorded on 2025-09-20)
1104,Dry Cleaning & Garment Care,Other,1767.00,2025-09-20,true,Winter wool coats; formal suits and blazers clean (Recorded on 2025-09-20)
1105,IKEA Modular Desk Organizers,Shopping,7345.29,2025-09-21,false,Desk cable management units; drawer trays & LED (Recorded on 2025-09-21)
1106,Express International Courier,Other,579.01,2025-09-21,true,Expedited legal document international courier parcel (Recorded on 2025-09-21)
1107,Tech Conference Full Pass,Learn,7727.77,2025-09-21,true,Annual developer engineering summit registration (Recorded on 2025-09-21)
1108,Deep Home Sanitization Service,Other,4326.87,2025-09-22,true,Quarterly professional deep house cleaning and scrub (Recorded on 2025-09-22)
1109,Language Mastery Application,Learn,2758.49,2025-09-22,false,Annual conversational language learning subscription (Recorded on 2025-09-22)
1110,Apollo Pharmacy Prescription,Health,1145.61,2025-09-22,true,Prescription medication; vitamin D3 & omega-3 (Recorded on 2025-09-22)
1111,Expressway FASTag Toll,Transport,625.74,2025-09-23,true,State expressway toll automated electronic debit (Recorded on 2025-09-23)
1112,Udemy Masterclass Bootcamp,Learn,1323.41,2025-09-23,true,Full-stack distributed cloud architecture video course (Recorded on 2025-09-23)
1113,Starbucks Latte & Croissant,Food,446.38,2025-09-23,false,Meeting client over coffee & cookies (Recorded on 2025-09-23)
1114,Supermarket Staples,Food,2632.28,2025-09-24,true,Monthly pulses; basmati grains; spices and olive oil (Recorded on 2025-09-24)
1115,Local Fruit Stall,Food,481.85,2025-09-24,true,Fresh seasonal Alphonso mangoes and apples (Recorded on 2025-09-24)
1116,Mobile 5G Postpaid Plan,Bills,1210.75,2025-09-24,true,Unlimited 5G corporate postpaid phone plan (Recorded on 2025-09-24)
1117,Kindle Technical E-Books,Learn,960.88,2025-09-25,true,Software engineering architecture & financial books (Recorded on 2025-09-25)
1118,PlayStation Store RPG Purchase,Fun,3976.57,2025-09-25,false,Digital deluxe collector edition open world game (Recorded on 2025-09-25)
1119,Deep Home Sanitization Service,Other,4421.04,2025-09-25,true,Quarterly professional deep house cleaning and scrub (Recorded on 2025-09-25)
1120,Friend Wedding / Birthday Gift,Other,5256.67,2025-09-25,false,Custom engraved stainless steel wristwatch with box (Recorded on 2025-09-25)
1121,Dental Scaling & Oral Checkup,Health,2288.95,2025-09-25,true,Bi-annual preventive dental cleaning and exam (Recorded on 2025-09-25)
1122,LPG Cooking Gas Cylinder Refill,Bills,933.09,2025-09-25,true,Indane domestic LPG home delivery (Recorded on 2025-09-25)
1123,Electricity Power Utility,Bills,2714.32,2025-09-26,true,Monthly household air conditioning electricity bill (Recorded on 2025-09-26)
1124,Neighborhood Hardware Store,Shopping,836.42,2025-09-26,true,Stainless screws; drywall anchors; drill accessories (Recorded on 2025-09-26)
1125,Board Game Pub & Cafe,Fun,908.88,2025-09-27,false,Strategy game night craft beers and nacho platters (Recorded on 2025-09-27)
1126,PlayStation Store RPG Purchase,Fun,4302.17,2025-09-27,false,Digital deluxe collector edition open world game (Recorded on 2025-09-27)
1127,Swiggy Lunch Box,Food,292.23,2025-09-27,false,Office lunch meal with drink (Recorded on 2025-09-27)
1128,Uniqlo Airism Essentials,Shopping,3041.99,2025-09-28,true,Innerwear; cooling undershirts and crew socks (Recorded on 2025-09-28)
1129,PlayStation Store RPG Purchase,Fun,4215.69,2025-09-28,false,Digital deluxe collector edition open world game (Recorded on 2025-09-28)
1130,LPG Cooking Gas Cylinder Refill,Bills,946.70,2025-09-28,true,Indane domestic LPG home delivery (Recorded on 2025-09-28)
1131,Language Mastery Application,Learn,2850.59,2025-09-29,false,Annual conversational language learning subscription (Recorded on 2025-09-29)
1132,Express International Courier,Other,535.48,2025-09-29,true,Expedited legal document international courier parcel (Recorded on 2025-09-29)
1133,LPG Cooking Gas Cylinder Refill,Bills,902.06,2025-09-29,true,Indane domestic LPG home delivery (Recorded on 2025-09-29)
1134,Tech Conference Full Pass,Learn,5011.56,2025-09-29,true,Annual developer engineering summit registration (Recorded on 2025-09-29)
1135,Physiotherapy Posture Rehab,Health,1253.14,2025-09-30,true,Spine and cervical posture rehab therapy session (Recorded on 2025-09-30)
1136,Mobile 5G Postpaid Plan,Bills,1141.21,2025-09-30,true,Unlimited 5G corporate postpaid phone plan (Recorded on 2025-09-30)
1137,Dry Cleaning & Garment Care,Other,1003.54,2025-09-30,true,Winter wool coats; formal suits and blazers clean (Recorded on 2025-09-30)
1138,LPG Cooking Gas Cylinder Refill,Bills,882.51,2025-09-30,true,Indane domestic LPG home delivery (Recorded on 2025-09-30)
1139,Mobile 5G Postpaid Plan,Bills,1127.06,2025-09-30,true,Unlimited 5G corporate postpaid phone plan (Recorded on 2025-09-30)
1140,Airtel 5G Fiber Broadband,Bills,1073.96,2025-09-30,true,1 Gbps symmetrical unlimited high-speed fiber plan (Recorded on 2025-09-30)
1141,Bakery Artisanal Bread & Pastry,Food,309.31,2025-10-01,true,Morning bakery supplies and sourdough loaf (Recorded on 2025-10-01)
1142,Optometry Eye Checkup & Frames,Health,2973.71,2025-10-01,true,Blue-light blocking high-index prescription lenses (Recorded on 2025-10-01)
1143,Fine Dining Restaurant,Food,9483.55,2025-10-01,false,Special anniversary dinner buffet (Recorded on 2025-10-01)
1144,Language Mastery Application,Learn,2387.27,2025-10-02,false,Annual conversational language learning subscription (Recorded on 2025-10-02)
1145,Bakery Artisanal Bread & Pastry,Food,406.58,2025-10-02,true,Morning bakery supplies and sourdough loaf (Recorded on 2025-10-02)
1146,PlayStation Store RPG Purchase,Fun,4452.10,2025-10-02,false,Digital deluxe collector edition open world game (Recorded on 2025-10-02)
1147,Board Game Pub & Cafe,Fun,1264.83,2025-10-02,false,Strategy game night craft beers and nacho platters (Recorded on 2025-10-02)
1148,Physiotherapy Posture Rehab,Health,1010.14,2025-10-03,true,Spine and cervical posture rehab therapy session (Recorded on 2025-10-03)
1149,Neighborhood Hardware Store,Shopping,908.97,2025-10-03,true,Stainless screws; drywall anchors; drill accessories (Recorded on 2025-10-03)
1150,IKEA Modular Desk Organizers,Shopping,2084.72,2025-10-03,false,Desk cable management units; drawer trays & LED (Recorded on 2025-10-03)
1151,Apple Store MagSafe Battery,Shopping,9417.30,2025-10-03,false,Official magnetic fast wireless battery pack (Recorded on 2025-10-03)
1152,Apple Store MagSafe Battery,Shopping,10699.18,2025-10-03,false,Official magnetic fast wireless battery pack (Recorded on 2025-10-03)
1153,PlayStation Store RPG Purchase,Fun,3445.66,2025-10-04,false,Digital deluxe collector edition open world game (Recorded on 2025-10-04)
1154,Municipal Water Authority,Bills,744.05,2025-10-04,true,Quarterly residential piped water supply charges (Recorded on 2025-10-04)
1155,Cult.fit Fitness Gym Pass,Health,7427.85,2025-10-05,true,Quarterly fitness center gym and yoga pass (Recorded on 2025-10-05)
1156,Dry Cleaning & Garment Care,Other,1164.64,2025-10-05,true,Winter wool coats; formal suits and blazers clean (Recorded on 2025-10-05)
1157,IRCTC Executive Train Ticket,Transport,2239.67,2025-10-05,true,Intercity executive AC chair car reservation (Recorded on 2025-10-05)
1158,Automobile Ceramic Detailing,Transport,2418.63,2025-10-05,false,Full interior vacuum; engine degrease and wash (Recorded on 2025-10-05)
1159,Starbucks Latte & Croissant,Food,418.68,2025-10-06,false,Meeting client over coffee & cookies (Recorded on 2025-10-06)
1160,PlayStation Store RPG Purchase,Fun,3817.38,2025-10-06,false,Digital deluxe collector edition open world game (Recorded on 2025-10-06)
1161,Deep Home Sanitization Service,Other,3132.77,2025-10-06,true,Quarterly professional deep house cleaning and scrub (Recorded on 2025-10-06)
1162,Neighborhood Hardware Store,Shopping,418.69,2025-10-06,true,Stainless screws; drywall anchors; drill accessories (Recorded on 2025-10-06)
1163,Optometry Eye Checkup & Frames,Health,6445.23,2025-10-06,true,Blue-light blocking high-index prescription lenses (Recorded on 2025-10-06)
1164,Swiggy Lunch Box,Food,285.62,2025-10-07,false,Office lunch meal with drink (Recorded on 2025-10-07)
1165,Spotify Premium Family Plan,Fun,1799.00,2025-10-07,false,Annual ad-free multi-user music streaming (Recorded on 2025-10-07)
1166,Uniqlo Airism Essentials,Shopping,2958.31,2025-10-07,true,Innerwear; cooling undershirts and crew socks (Recorded on 2025-10-07)
1167,Dry Cleaning & Garment Care,Other,755.29,2025-10-07,true,Winter wool coats; formal suits and blazers clean (Recorded on 2025-10-07)
1168,Language Mastery Application,Learn,2428.03,2025-10-08,false,Annual conversational language learning subscription (Recorded on 2025-10-08)
1169,Charity Foundation Contribution,Other,1018.68,2025-10-08,false,Monthly child education and midday meal sponsorship (Recorded on 2025-10-08)
1170,Board Game Pub & Cafe,Fun,1079.07,2025-10-08,false,Strategy game night craft beers and nacho platters (Recorded on 2025-10-08)
1171,Local Fruit Stall,Food,502.74,2025-10-08,true,Fresh seasonal Alphonso mangoes and apples (Recorded on 2025-10-08)
1172,PVR IMAX 3D Recliner Tickets,Fun,1747.45,2025-10-08,false,Sci-fi movie premiere with large cheese popcorn (Recorded on 2025-10-08)
1173,Board Game Pub & Cafe,Fun,1658.53,2025-10-09,false,Strategy game night craft beers and nacho platters (Recorded on 2025-10-09)
1174,Airtel 5G Fiber Broadband,Bills,1050.35,2025-10-09,true,1 Gbps symmetrical unlimited high-speed fiber plan (Recorded on 2025-10-09)
1175,Airtel 5G Fiber Broadband,Bills,1031.64,2025-10-09,true,1 Gbps symmetrical unlimited high-speed fiber plan (Recorded on 2025-10-09)
1176,Mobile 5G Postpaid Plan,Bills,1026.96,2025-10-10,true,Unlimited 5G corporate postpaid phone plan (Recorded on 2025-10-10)
1177,Diagnostic Comprehensive Blood Panel,Health,4242.34,2025-10-10,true,Full body health checkup; liver and lipid profile (Recorded on 2025-10-10)
1178,Diagnostic Comprehensive Blood Panel,Health,3026.28,2025-10-11,true,Full body health checkup; liver and lipid profile (Recorded on 2025-10-11)
1179,Netflix 4K UltraHD Subscription,Fun,649.00,2025-10-11,false,Monthly family tier streaming account (Recorded on 2025-10-11)
1180,Kindle Technical E-Books,Learn,621.31,2025-10-11,true,Software engineering architecture & financial books (Recorded on 2025-10-11)
1181,Board Game Pub & Cafe,Fun,675.20,2025-10-12,false,Strategy game night craft beers and nacho platters (Recorded on 2025-10-12)
1182,Amazon Tech Essentials,Shopping,1742.53,2025-10-12,true,USB-C multi-port hub; braided cables & adapter (Recorded on 2025-10-12)
1183,Blinkit Quick Delivery,Food,365.43,2025-10-12,false,Midnight craving snacks; chocolate and ice cream (Recorded on 2025-10-12)
1184,Bakery Artisanal Bread & Pastry,Food,498.30,2025-10-13,true,Morning bakery supplies and sourdough loaf (Recorded on 2025-10-13)
1185,Uber Premier Commute,Transport,495.82,2025-10-13,false,Airport ride terminal 2 business flight (Recorded on 2025-10-13)
1186,Automobile Ceramic Detailing,Transport,2221.92,2025-10-13,false,Full interior vacuum; engine degrease and wash (Recorded on 2025-10-13)
1187,Expressway FASTag Toll,Transport,484.64,2025-10-13,true,State expressway toll automated electronic debit (Recorded on 2025-10-13)
1188,Board Game Pub & Cafe,Fun,1438.60,2025-10-14,false,Strategy game night craft beers and nacho platters (Recorded on 2025-10-14)
1189,Zomato Weekend Dinner,Food,1473.39,2025-10-14,false,Family gourmet pizza and pasta treat (Recorded on 2025-10-14)
1190,Expressway FASTag Toll,Transport,573.68,2025-10-14,true,State expressway toll automated electronic debit (Recorded on 2025-10-14)
1191,Kindle Technical E-Books,Learn,833.69,2025-10-15,true,Software engineering architecture & financial books (Recorded on 2025-10-15)
1192,Expressway FASTag Toll,Transport,268.41,2025-10-15,true,State expressway toll automated electronic debit (Recorded on 2025-10-15)
1193,IRCTC Executive Train Ticket,Transport,1238.04,2025-10-15,true,Intercity executive AC chair car reservation (Recorded on 2025-10-15)
1194,iCloud / Google Cloud Storage,Bills,650.00,2025-10-16,true,2TB unified encrypted cloud backup subscription (Recorded on 2025-10-16)
1195,PlayStation Store RPG Purchase,Fun,4405.87,2025-10-16,false,Digital deluxe collector edition open world game (Recorded on 2025-10-16)
1196,Airtel 5G Fiber Broadband,Bills,1018.70,2025-10-16,true,1 Gbps symmetrical unlimited high-speed fiber plan (Recorded on 2025-10-16)
1197,Board Game Pub & Cafe,Fun,1723.09,2025-10-17,false,Strategy game night craft beers and nacho platters (Recorded on 2025-10-17)
1198,Dental Scaling & Oral Checkup,Health,1203.56,2025-10-17,true,Bi-annual preventive dental cleaning and exam (Recorded on 2025-10-17)
1199,Metro Smart Card Recharge,Transport,917.62,2025-10-17,true,Monthly unlimited metro transit card recharge (Recorded on 2025-10-17)
1200,Deep Home Sanitization Service,Other,4398.89,2025-10-17,true,Quarterly professional deep house cleaning and scrub (Recorded on 2025-10-17)
1201,Metro Smart Card Recharge,Transport,952.39,2025-10-17,true,Monthly unlimited metro transit card recharge (Recorded on 2025-10-17)
1202,Express International Courier,Other,574.51,2025-10-18,true,Expedited legal document international courier parcel (Recorded on 2025-10-18)
1203,Whole Foods Grocery,Food,3883.49,2025-10-18,true,Weekly fresh vegetables; organic fruits and dairy (Recorded on 2025-10-18)
1204,Zomato Weekend Dinner,Food,1376.34,2025-10-18,false,Family gourmet pizza and pasta treat (Recorded on 2025-10-18)
1205,Kindle Technical E-Books,Learn,521.25,2025-10-19,true,Software engineering architecture & financial books (Recorded on 2025-10-19)
1206,Swiggy Lunch Box,Food,405.60,2025-10-19,false,Office lunch meal with drink (Recorded on 2025-10-19)
1207,IKEA Modular Desk Organizers,Shopping,3644.52,2025-10-19,false,Desk cable management units; drawer trays & LED (Recorded on 2025-10-19)
1208,Friend Wedding / Birthday Gift,Other,3841.55,2025-10-19,false,Custom engraved stainless steel wristwatch with box (Recorded on 2025-10-19)
1209,Cult.fit Fitness Gym Pass,Health,5414.35,2025-10-20,true,Quarterly fitness center gym and yoga pass (Recorded on 2025-10-20)
1210,Language Mastery Application,Learn,2961.31,2025-10-20,false,Annual conversational language learning subscription (Recorded on 2025-10-20)
1211,Language Mastery Application,Learn,2798.90,2025-10-21,false,Annual conversational language learning subscription (Recorded on 2025-10-21)
1212,Amazon Tech Essentials,Shopping,1203.91,2025-10-21,true,USB-C multi-port hub; braided cables & adapter (Recorded on 2025-10-21)
1213,Starbucks Latte & Croissant,Food,401.86,2025-10-21,false,Meeting client over coffee & cookies (Recorded on 2025-10-21)
1214,Friend Wedding / Birthday Gift,Other,5891.97,2025-10-21,false,Custom engraved stainless steel wristwatch with box (Recorded on 2025-10-21)
1215,Coursera AI Specialization,Learn,4610.36,2025-10-22,true,Machine learning and deep neural networks lab (Recorded on 2025-10-22)
1216,Nike Marathon Running Shoes,Shopping,12362.18,2025-10-22,false,Long distance training air zoom cushion sneakers (Recorded on 2025-10-22)
1217,Automobile Ceramic Detailing,Transport,2213.58,2025-10-22,false,Full interior vacuum; engine degrease and wash (Recorded on 2025-10-22)
1218,LPG Cooking Gas Cylinder Refill,Bills,881.42,2025-10-23,true,Indane domestic LPG home delivery (Recorded on 2025-10-23)
1219,Board Game Pub & Cafe,Fun,1654.12,2025-10-23,false,Strategy game night craft beers and nacho platters (Recorded on 2025-10-23)
1220,Automobile Ceramic Detailing,Transport,2721.94,2025-10-24,false,Full interior vacuum; engine degrease and wash (Recorded on 2025-10-24)
1221,Go-Karting Speedway Grand Prix,Fun,2191.50,2025-10-24,false,Weekend competitive racing sessions with group (Recorded on 2025-10-24)
1222,Udemy Masterclass Bootcamp,Learn,1370.23,2025-10-24,true,Full-stack distributed cloud architecture video course (Recorded on 2025-10-24)
1223,Swiggy Lunch Box,Food,343.02,2025-10-24,false,Office lunch meal with drink (Recorded on 2025-10-24)
1224,Uniqlo Airism Essentials,Shopping,3152.34,2025-10-24,true,Innerwear; cooling undershirts and crew socks (Recorded on 2025-10-24)
1225,Deep Home Sanitization Service,Other,2649.73,2025-10-24,true,Quarterly professional deep house cleaning and scrub (Recorded on 2025-10-24)
1226,Dental Scaling & Oral Checkup,Health,1630.16,2025-10-25,true,Bi-annual preventive dental cleaning and exam (Recorded on 2025-10-25)
1227,Electricity Power Utility,Bills,3123.56,2025-10-25,true,Monthly household air conditioning electricity bill (Recorded on 2025-10-25)
1228,Language Mastery Application,Learn,2816.10,2025-10-25,false,Annual conversational language learning subscription (Recorded on 2025-10-25)
1229,IRCTC Executive Train Ticket,Transport,1594.07,2025-10-25,true,Intercity executive AC chair car reservation (Recorded on 2025-10-25)
1230,Dry Cleaning & Garment Care,Other,1627.91,2025-10-25,true,Winter wool coats; formal suits and blazers clean (Recorded on 2025-10-25)
1231,Apollo Pharmacy Prescription,Health,1773.91,2025-10-26,true,Prescription medication; vitamin D3 & omega-3 (Recorded on 2025-10-26)
1232,Whole Foods Grocery,Food,2531.35,2025-10-26,true,Weekly fresh vegetables; organic fruits and dairy (Recorded on 2025-10-26)
1233,Chai & Samosa Corner,Food,100.40,2025-10-26,true,Evening masala tea with team members (Recorded on 2025-10-26)
1234,Expressway FASTag Toll,Transport,734.07,2025-10-26,true,State expressway toll automated electronic debit (Recorded on 2025-10-26)
1235,Board Game Pub & Cafe,Fun,1422.20,2025-10-26,false,Strategy game night craft beers and nacho platters (Recorded on 2025-10-26)
1236,Apollo Pharmacy Prescription,Health,1552.39,2025-10-27,true,Prescription medication; vitamin D3 & omega-3 (Recorded on 2025-10-27)
1237,Express International Courier,Other,826.13,2025-10-27,true,Expedited legal document international courier parcel (Recorded on 2025-10-27)
1238,Express International Courier,Other,958.53,2025-10-27,true,Expedited legal document international courier parcel (Recorded on 2025-10-27)
1239,Metro Smart Card Recharge,Transport,879.66,2025-10-27,true,Monthly unlimited metro transit card recharge (Recorded on 2025-10-27)
1240,Local Fruit Stall,Food,342.06,2025-10-28,true,Fresh seasonal Alphonso mangoes and apples (Recorded on 2025-10-28)
1241,Society Apartment Maintenance,Bills,4400.57,2025-10-28,true,Monthly housing security; backup generator & lift fee (Recorded on 2025-10-28)
1242,Uber Premier Commute,Transport,1302.03,2025-10-28,false,Airport ride terminal 2 business flight (Recorded on 2025-10-28)
1243,Neighborhood Hardware Store,Shopping,959.33,2025-10-29,true,Stainless screws; drywall anchors; drill accessories (Recorded on 2025-10-29)
1244,Kindle Technical E-Books,Learn,640.72,2025-10-29,true,Software engineering architecture & financial books (Recorded on 2025-10-29)
1245,Netflix 4K UltraHD Subscription,Fun,649.00,2025-10-29,false,Monthly family tier streaming account (Recorded on 2025-10-29)
1246,Automobile Ceramic Detailing,Transport,1695.86,2025-10-29,false,Full interior vacuum; engine degrease and wash (Recorded on 2025-10-29)
1247,Board Game Pub & Cafe,Fun,1038.62,2025-10-29,false,Strategy game night craft beers and nacho platters (Recorded on 2025-10-29)
1248,Bakery Artisanal Bread & Pastry,Food,219.43,2025-10-30,true,Morning bakery supplies and sourdough loaf (Recorded on 2025-10-30)
1249,Charity Foundation Contribution,Other,3633.83,2025-10-30,false,Monthly child education and midday meal sponsorship (Recorded on 2025-10-30)
1250,Nike Marathon Running Shoes,Shopping,5033.70,2025-10-30,false,Long distance training air zoom cushion sneakers (Recorded on 2025-10-30)
1251,Chai & Samosa Corner,Food,142.88,2025-10-30,true,Evening masala tea with team members (Recorded on 2025-10-30)
1252,Friend Wedding / Birthday Gift,Other,6405.41,2025-10-30,false,Custom engraved stainless steel wristwatch with box (Recorded on 2025-10-30)
1253,Apple Store MagSafe Battery,Shopping,10530.49,2025-10-31,false,Official magnetic fast wireless battery pack (Recorded on 2025-10-31)
1254,Automobile Ceramic Detailing,Transport,2712.30,2025-10-31,false,Full interior vacuum; engine degrease and wash (Recorded on 2025-10-31)
1255,Physiotherapy Posture Rehab,Health,1416.97,2025-10-31,true,Spine and cervical posture rehab therapy session (Recorded on 2025-10-31)
1256,PlayStation Store RPG Purchase,Fun,3794.74,2025-11-01,false,Digital deluxe collector edition open world game (Recorded on 2025-11-01)
1257,Cult.fit Fitness Gym Pass,Health,6764.23,2025-11-01,true,Quarterly fitness center gym and yoga pass (Recorded on 2025-11-01)
1258,Zara Linen Summer Collection,Shopping,3817.16,2025-11-01,false,Breathable cotton casual button-up shirts (Recorded on 2025-11-01)
1259,iCloud / Google Cloud Storage,Bills,650.00,2025-11-01,true,2TB unified encrypted cloud backup subscription (Recorded on 2025-11-01)
1260,Optometry Eye Checkup & Frames,Health,5420.96,2025-11-01,true,Blue-light blocking high-index prescription lenses (Recorded on 2025-11-01)
1261,Netflix 4K UltraHD Subscription,Fun,649.00,2025-11-02,false,Monthly family tier streaming account (Recorded on 2025-11-02)
1262,Concert Live Music Festival,Fun,7071.92,2025-11-02,false,Weekend rock concert arena general admission pass (Recorded on 2025-11-02)
1263,Optometry Eye Checkup & Frames,Health,2943.95,2025-11-02,true,Blue-light blocking high-index prescription lenses (Recorded on 2025-11-02)
1264,Uniqlo Airism Essentials,Shopping,2447.73,2025-11-02,true,Innerwear; cooling undershirts and crew socks (Recorded on 2025-11-02)
1265,Optometry Eye Checkup & Frames,Health,2873.16,2025-11-02,true,Blue-light blocking high-index prescription lenses (Recorded on 2025-11-02)
1266,Physiotherapy Posture Rehab,Health,1136.26,2025-11-02,true,Spine and cervical posture rehab therapy session (Recorded on 2025-11-02)
1267,Tech Conference Full Pass,Learn,5929.64,2025-11-03,true,Annual developer engineering summit registration (Recorded on 2025-11-03)
1268,Kindle Technical E-Books,Learn,842.05,2025-11-03,true,Software engineering architecture & financial books (Recorded on 2025-11-03)
1269,Blinkit Quick Delivery,Food,160.69,2025-11-03,false,Midnight craving snacks; chocolate and ice cream (Recorded on 2025-11-03)
1270,Supermarket Staples,Food,3567.91,2025-11-03,true,Monthly pulses; basmati grains; spices and olive oil (Recorded on 2025-11-03)
1271,IKEA Modular Desk Organizers,Shopping,5600.03,2025-11-03,false,Desk cable management units; drawer trays & LED (Recorded on 2025-11-03)
1272,Neighborhood Hardware Store,Shopping,402.73,2025-11-03,true,Stainless screws; drywall anchors; drill accessories (Recorded on 2025-11-03)
1273,Spotify Premium Family Plan,Fun,1799.00,2025-11-04,false,Annual ad-free multi-user music streaming (Recorded on 2025-11-04)
1274,Local Fruit Stall,Food,525.61,2025-11-04,true,Fresh seasonal Alphonso mangoes and apples (Recorded on 2025-11-04)
1275,Auto Rickshaw Meter Fare,Transport,149.09,2025-11-04,true,Local city transit to metro station (Recorded on 2025-11-04)
1276,Udemy Masterclass Bootcamp,Learn,1107.74,2025-11-04,true,Full-stack distributed cloud architecture video course (Recorded on 2025-11-04)
1277,Blinkit Quick Delivery,Food,228.52,2025-11-05,false,Midnight craving snacks; chocolate and ice cream (Recorded on 2025-11-05)
1278,Physiotherapy Posture Rehab,Health,837.66,2025-11-05,true,Spine and cervical posture rehab therapy session (Recorded on 2025-11-05)
1279,Airtel 5G Fiber Broadband,Bills,1309.28,2025-11-05,true,1 Gbps symmetrical unlimited high-speed fiber plan (Recorded on 2025-11-05)
1280,Deep Home Sanitization Service,Other,4322.97,2025-11-05,true,Quarterly professional deep house cleaning and scrub (Recorded on 2025-11-05)
1281,Spotify Premium Family Plan,Fun,1799.00,2025-11-06,false,Annual ad-free multi-user music streaming (Recorded on 2025-11-06)
1282,PlayStation Store RPG Purchase,Fun,3896.63,2025-11-06,false,Digital deluxe collector edition open world game (Recorded on 2025-11-06)
1283,Shell Petrol Station Fuel,Transport,4713.69,2025-11-06,true,Full tank unleaded petrol for vehicle (Recorded on 2025-11-06)
1284,Automobile Ceramic Detailing,Transport,1293.46,2025-11-06,false,Full interior vacuum; engine degrease and wash (Recorded on 2025-11-06)
1285,Airtel 5G Fiber Broadband,Bills,1079.46,2025-11-07,true,1 Gbps symmetrical unlimited high-speed fiber plan (Recorded on 2025-11-07)
1286,Electricity Power Utility,Bills,2523.91,2025-11-07,true,Monthly household air conditioning electricity bill (Recorded on 2025-11-07)
1287,Amazon Tech Essentials,Shopping,1252.67,2025-11-07,true,USB-C multi-port hub; braided cables & adapter (Recorded on 2025-11-07)
1288,Physiotherapy Posture Rehab,Health,835.60,2025-11-07,true,Spine and cervical posture rehab therapy session (Recorded on 2025-11-07)
1289,Municipal Water Authority,Bills,744.95,2025-11-08,true,Quarterly residential piped water supply charges (Recorded on 2025-11-08)
1290,Apollo Pharmacy Prescription,Health,1508.44,2025-11-08,true,Prescription medication; vitamin D3 & omega-3 (Recorded on 2025-11-08)
1291,Physiotherapy Posture Rehab,Health,953.97,2025-11-08,true,Spine and cervical posture rehab therapy session (Recorded on 2025-11-08)
1292,Uniqlo Airism Essentials,Shopping,1356.81,2025-11-08,true,Innerwear; cooling undershirts and crew socks (Recorded on 2025-11-08)
1293,Nike Marathon Running Shoes,Shopping,9343.64,2025-11-08,false,Long distance training air zoom cushion sneakers (Recorded on 2025-11-08)
1294,Kindle Technical E-Books,Learn,712.05,2025-11-08,true,Software engineering architecture & financial books (Recorded on 2025-11-08)
1295,Cult.fit Fitness Gym Pass,Health,6303.99,2025-11-09,true,Quarterly fitness center gym and yoga pass (Recorded on 2025-11-09)
1296,Spotify Premium Family Plan,Fun,1799.00,2025-11-09,false,Annual ad-free multi-user music streaming (Recorded on 2025-11-09)
1297,Friend Wedding / Birthday Gift,Other,6618.44,2025-11-09,false,Custom engraved stainless steel wristwatch with box (Recorded on 2025-11-09)
1298,City Mall Parking Fee,Transport,189.13,2025-11-10,false,Multi-level basement underground parking validation (Recorded on 2025-11-10)
1299,PVR IMAX 3D Recliner Tickets,Fun,1755.57,2025-11-10,false,Sci-fi movie premiere with large cheese popcorn (Recorded on 2025-11-10)
1300,Kindle Technical E-Books,Learn,739.41,2025-11-11,true,Software engineering architecture & financial books (Recorded on 2025-11-11)
1301,Electricity Power Utility,Bills,4498.54,2025-11-11,true,Monthly household air conditioning electricity bill (Recorded on 2025-11-11)
1302,Physiotherapy Posture Rehab,Health,1361.97,2025-11-11,true,Spine and cervical posture rehab therapy session (Recorded on 2025-11-11)
1303,Charity Foundation Contribution,Other,1175.41,2025-11-11,false,Monthly child education and midday meal sponsorship (Recorded on 2025-11-11)
1304,Physiotherapy Posture Rehab,Health,857.64,2025-11-12,true,Spine and cervical posture rehab therapy session (Recorded on 2025-11-12)
1305,Shell Petrol Station Fuel,Transport,4734.75,2025-11-12,true,Full tank unleaded petrol for vehicle (Recorded on 2025-11-12)
1306,Whole Foods Grocery,Food,1895.58,2025-11-12,true,Weekly fresh vegetables; organic fruits and dairy (Recorded on 2025-11-12)
1307,Kindle Technical E-Books,Learn,604.18,2025-11-13,true,Software engineering architecture & financial books (Recorded on 2025-11-13)
1308,Kindle Technical E-Books,Learn,1010.17,2025-11-13,true,Software engineering architecture & financial books (Recorded on 2025-11-13)
1309,Amazon Tech Essentials,Shopping,1955.68,2025-11-13,true,USB-C multi-port hub; braided cables & adapter (Recorded on 2025-11-13)
1310,Whole Foods Grocery,Food,1441.72,2025-11-14,true,Weekly fresh vegetables; organic fruits and dairy (Recorded on 2025-11-14)
1311,Neighborhood Hardware Store,Shopping,564.12,2025-11-14,true,Stainless screws; drywall anchors; drill accessories (Recorded on 2025-11-14)
1312,Auto Rickshaw Meter Fare,Transport,169.32,2025-11-14,true,Local city transit to metro station (Recorded on 2025-11-14)
1313,Language Mastery Application,Learn,2450.13,2025-11-14,false,Annual conversational language learning subscription (Recorded on 2025-11-14)
1314,Coursera AI Specialization,Learn,4015.89,2025-11-15,true,Machine learning and deep neural networks lab (Recorded on 2025-11-15)
1315,Uber Premier Commute,Transport,1059.35,2025-11-15,false,Airport ride terminal 2 business flight (Recorded on 2025-11-15)
1316,Uber Premier Commute,Transport,1115.84,2025-11-15,false,Airport ride terminal 2 business flight (Recorded on 2025-11-15)
1317,City Mall Parking Fee,Transport,285.61,2025-11-15,false,Multi-level basement underground parking validation (Recorded on 2025-11-15)
1318,Expressway FASTag Toll,Transport,672.14,2025-11-15,true,State expressway toll automated electronic debit (Recorded on 2025-11-15)
1319,Expressway FASTag Toll,Transport,659.16,2025-11-16,true,State expressway toll automated electronic debit (Recorded on 2025-11-16)
1320,Charity Foundation Contribution,Other,2580.45,2025-11-16,false,Monthly child education and midday meal sponsorship (Recorded on 2025-11-16)
1321,Fine Dining Restaurant,Food,4016.10,2025-11-16,false,Special anniversary dinner buffet (Recorded on 2025-11-16)
1322,Netflix 4K UltraHD Subscription,Fun,649.00,2025-11-16,false,Monthly family tier streaming account (Recorded on 2025-11-16)
1323,LPG Cooking Gas Cylinder Refill,Bills,864.41,2025-11-17,true,Indane domestic LPG home delivery (Recorded on 2025-11-17)
1324,Apollo Pharmacy Prescription,Health,1197.26,2025-11-17,true,Prescription medication; vitamin D3 & omega-3 (Recorded on 2025-11-17)
1325,Amazon Tech Essentials,Shopping,995.12,2025-11-17,true,USB-C multi-port hub; braided cables & adapter (Recorded on 2025-11-17)
1326,Tech Conference Full Pass,Learn,7237.63,2025-11-17,true,Annual developer engineering summit registration (Recorded on 2025-11-17)
1327,Expressway FASTag Toll,Transport,326.03,2025-11-17,true,State expressway toll automated electronic debit (Recorded on 2025-11-17)
1328,Go-Karting Speedway Grand Prix,Fun,3311.26,2025-11-18,false,Weekend competitive racing sessions with group (Recorded on 2025-11-18)
1329,Zara Linen Summer Collection,Shopping,2970.77,2025-11-18,false,Breathable cotton casual button-up shirts (Recorded on 2025-11-18)
1330,Airtel 5G Fiber Broadband,Bills,1056.31,2025-11-18,true,1 Gbps symmetrical unlimited high-speed fiber plan (Recorded on 2025-11-18)
1331,Chai & Samosa Corner,Food,90.74,2025-11-18,true,Evening masala tea with team members (Recorded on 2025-11-18)
1332,Expressway FASTag Toll,Transport,603.01,2025-11-19,true,State expressway toll automated electronic debit (Recorded on 2025-11-19)
1333,Electricity Power Utility,Bills,2071.22,2025-11-19,true,Monthly household air conditioning electricity bill (Recorded on 2025-11-19)
1334,Express International Courier,Other,653.57,2025-11-19,true,Expedited legal document international courier parcel (Recorded on 2025-11-19)
1335,PVR IMAX 3D Recliner Tickets,Fun,1199.19,2025-11-19,false,Sci-fi movie premiere with large cheese popcorn (Recorded on 2025-11-19)
1336,Auto Rickshaw Meter Fare,Transport,98.13,2025-11-19,true,Local city transit to metro station (Recorded on 2025-11-19)
1337,Express International Courier,Other,873.89,2025-11-19,true,Expedited legal document international courier parcel (Recorded on 2025-11-19)
1338,Uniqlo Airism Essentials,Shopping,2503.78,2025-11-20,true,Innerwear; cooling undershirts and crew socks (Recorded on 2025-11-20)
1339,Diagnostic Comprehensive Blood Panel,Health,2587.87,2025-11-20,true,Full body health checkup; liver and lipid profile (Recorded on 2025-11-20)
1340,Dental Scaling & Oral Checkup,Health,2221.36,2025-11-20,true,Bi-annual preventive dental cleaning and exam (Recorded on 2025-11-20)
1341,Coursera AI Specialization,Learn,4839.11,2025-11-20,true,Machine learning and deep neural networks lab (Recorded on 2025-11-20)
1342,Diagnostic Comprehensive Blood Panel,Health,3264.55,2025-11-21,true,Full body health checkup; liver and lipid profile (Recorded on 2025-11-21)
1343,Cult.fit Fitness Gym Pass,Health,6934.86,2025-11-21,true,Quarterly fitness center gym and yoga pass (Recorded on 2025-11-21)
1344,Shell Petrol Station Fuel,Transport,3984.77,2025-11-21,true,Full tank unleaded petrol for vehicle (Recorded on 2025-11-21)
1345,iCloud / Google Cloud Storage,Bills,650.00,2025-11-22,true,2TB unified encrypted cloud backup subscription (Recorded on 2025-11-22)
1346,Uniqlo Airism Essentials,Shopping,1651.79,2025-11-22,true,Innerwear; cooling undershirts and crew socks (Recorded on 2025-11-22)
1347,Uber Premier Commute,Transport,1257.11,2025-11-23,false,Airport ride terminal 2 business flight (Recorded on 2025-11-23)
1348,Bakery Artisanal Bread & Pastry,Food,365.25,2025-11-23,true,Morning bakery supplies and sourdough loaf (Recorded on 2025-11-23)
1349,PVR IMAX 3D Recliner Tickets,Fun,1572.23,2025-11-24,false,Sci-fi movie premiere with large cheese popcorn (Recorded on 2025-11-24)
1350,Deep Home Sanitization Service,Other,3231.64,2025-11-24,true,Quarterly professional deep house cleaning and scrub (Recorded on 2025-11-24)
1351,Spotify Premium Family Plan,Fun,1799.00,2025-11-24,false,Annual ad-free multi-user music streaming (Recorded on 2025-11-24)
1352,Airtel 5G Fiber Broadband,Bills,1231.35,2025-11-24,true,1 Gbps symmetrical unlimited high-speed fiber plan (Recorded on 2025-11-24)
1353,Automobile Ceramic Detailing,Transport,2036.89,2025-11-24,false,Full interior vacuum; engine degrease and wash (Recorded on 2025-11-24)
1354,Supermarket Staples,Food,5891.93,2025-11-24,true,Monthly pulses; basmati grains; spices and olive oil (Recorded on 2025-11-24)
1355,Neighborhood Hardware Store,Shopping,787.02,2025-11-25,true,Stainless screws; drywall anchors; drill accessories (Recorded on 2025-11-25)
1356,Deep Home Sanitization Service,Other,2858.29,2025-11-25,true,Quarterly professional deep house cleaning and scrub (Recorded on 2025-11-25)
1357,Apple Store MagSafe Battery,Shopping,10364.01,2025-11-25,false,Official magnetic fast wireless battery pack (Recorded on 2025-11-25)
1358,Apollo Pharmacy Prescription,Health,745.41,2025-11-25,true,Prescription medication; vitamin D3 & omega-3 (Recorded on 2025-11-25)
1359,Deep Home Sanitization Service,Other,2625.72,2025-11-25,true,Quarterly professional deep house cleaning and scrub (Recorded on 2025-11-25)
1360,Dental Scaling & Oral Checkup,Health,1255.65,2025-11-25,true,Bi-annual preventive dental cleaning and exam (Recorded on 2025-11-25)
1361,Diagnostic Comprehensive Blood Panel,Health,3280.25,2025-11-26,true,Full body health checkup; liver and lipid profile (Recorded on 2025-11-26)
1362,Dry Cleaning & Garment Care,Other,647.89,2025-11-26,true,Winter wool coats; formal suits and blazers clean (Recorded on 2025-11-26)
1363,Apollo Pharmacy Prescription,Health,1400.04,2025-11-26,true,Prescription medication; vitamin D3 & omega-3 (Recorded on 2025-11-26)
1364,iCloud / Google Cloud Storage,Bills,650.00,2025-11-27,true,2TB unified encrypted cloud backup subscription (Recorded on 2025-11-27)
1365,Society Apartment Maintenance,Bills,4452.01,2025-11-27,true,Monthly housing security; backup generator & lift fee (Recorded on 2025-11-27)
1366,Nike Marathon Running Shoes,Shopping,10228.40,2025-11-27,false,Long distance training air zoom cushion sneakers (Recorded on 2025-11-27)
1367,Physiotherapy Posture Rehab,Health,1257.34,2025-11-27,true,Spine and cervical posture rehab therapy session (Recorded on 2025-11-27)
1368,Expressway FASTag Toll,Transport,425.80,2025-11-27,true,State expressway toll automated electronic debit (Recorded on 2025-11-27)
1369,Concert Live Music Festival,Fun,5529.21,2025-11-27,false,Weekend rock concert arena general admission pass (Recorded on 2025-11-27)
1370,Charity Foundation Contribution,Other,4548.69,2025-11-28,false,Monthly child education and midday meal sponsorship (Recorded on 2025-11-28)
1371,Chai & Samosa Corner,Food,137.02,2025-11-28,true,Evening masala tea with team members (Recorded on 2025-11-28)
1372,Deep Home Sanitization Service,Other,2959.98,2025-11-28,true,Quarterly professional deep house cleaning and scrub (Recorded on 2025-11-28)
1373,Airtel 5G Fiber Broadband,Bills,1074.12,2025-11-28,true,1 Gbps symmetrical unlimited high-speed fiber plan (Recorded on 2025-11-28)
1374,Physiotherapy Posture Rehab,Health,1302.11,2025-11-29,true,Spine and cervical posture rehab therapy session (Recorded on 2025-11-29)
1375,Auto Rickshaw Meter Fare,Transport,109.75,2025-11-29,true,Local city transit to metro station (Recorded on 2025-11-29)
1376,Optometry Eye Checkup & Frames,Health,2864.69,2025-11-29,true,Blue-light blocking high-index prescription lenses (Recorded on 2025-11-29)
1377,Deep Home Sanitization Service,Other,3681.58,2025-11-30,true,Quarterly professional deep house cleaning and scrub (Recorded on 2025-11-30)
1378,Kindle Technical E-Books,Learn,632.75,2025-11-30,true,Software engineering architecture & financial books (Recorded on 2025-11-30)
1379,Uniqlo Airism Essentials,Shopping,2562.40,2025-11-30,true,Innerwear; cooling undershirts and crew socks (Recorded on 2025-11-30)
1380,Apple Store MagSafe Battery,Shopping,9925.29,2025-11-30,false,Official magnetic fast wireless battery pack (Recorded on 2025-11-30)
1381,Amazon Tech Essentials,Shopping,1281.75,2025-11-30,true,USB-C multi-port hub; braided cables & adapter (Recorded on 2025-11-30)
1382,Tech Conference Full Pass,Learn,9346.22,2025-12-01,true,Annual developer engineering summit registration (Recorded on 2025-12-01)
1383,Zomato Weekend Dinner,Food,2315.61,2025-12-01,false,Family gourmet pizza and pasta treat (Recorded on 2025-12-01)
1384,Go-Karting Speedway Grand Prix,Fun,2713.05,2025-12-01,false,Weekend competitive racing sessions with group (Recorded on 2025-12-01)
1385,Deep Home Sanitization Service,Other,2938.73,2025-12-02,true,Quarterly professional deep house cleaning and scrub (Recorded on 2025-12-02)
1386,Tech Conference Full Pass,Learn,5213.56,2025-12-02,true,Annual developer engineering summit registration (Recorded on 2025-12-02)
1387,Uniqlo Airism Essentials,Shopping,2717.19,2025-12-02,true,Innerwear; cooling undershirts and crew socks (Recorded on 2025-12-02)
1388,Airtel 5G Fiber Broadband,Bills,1361.09,2025-12-02,true,1 Gbps symmetrical unlimited high-speed fiber plan (Recorded on 2025-12-02)
1389,Diagnostic Comprehensive Blood Panel,Health,3572.03,2025-12-02,true,Full body health checkup; liver and lipid profile (Recorded on 2025-12-02)
1390,Go-Karting Speedway Grand Prix,Fun,2270.92,2025-12-03,false,Weekend competitive racing sessions with group (Recorded on 2025-12-03)
1391,Uber Premier Commute,Transport,642.23,2025-12-03,false,Airport ride terminal 2 business flight (Recorded on 2025-12-03)
1392,Udemy Masterclass Bootcamp,Learn,1183.41,2025-12-04,true,Full-stack distributed cloud architecture video course (Recorded on 2025-12-04)
1393,Nike Marathon Running Shoes,Shopping,12211.87,2025-12-04,false,Long distance training air zoom cushion sneakers (Recorded on 2025-12-04)
1394,Chai & Samosa Corner,Food,95.37,2025-12-04,true,Evening masala tea with team members (Recorded on 2025-12-04)
1395,Metro Smart Card Recharge,Transport,741.12,2025-12-04,true,Monthly unlimited metro transit card recharge (Recorded on 2025-12-04)
1396,Uniqlo Airism Essentials,Shopping,2440.36,2025-12-04,true,Innerwear; cooling undershirts and crew socks (Recorded on 2025-12-04)
1397,Blinkit Quick Delivery,Food,266.17,2025-12-04,false,Midnight craving snacks; chocolate and ice cream (Recorded on 2025-12-04)
1398,Chai & Samosa Corner,Food,87.19,2025-12-05,true,Evening masala tea with team members (Recorded on 2025-12-05)
1399,Charity Foundation Contribution,Other,2402.07,2025-12-05,false,Monthly child education and midday meal sponsorship (Recorded on 2025-12-05)
1400,Automobile Ceramic Detailing,Transport,1507.93,2025-12-05,false,Full interior vacuum; engine degrease and wash (Recorded on 2025-12-05)
1401,Deep Home Sanitization Service,Other,4320.17,2025-12-05,true,Quarterly professional deep house cleaning and scrub (Recorded on 2025-12-05)
1402,Society Apartment Maintenance,Bills,5216.56,2025-12-06,true,Monthly housing security; backup generator & lift fee (Recorded on 2025-12-06)
1403,Coursera AI Specialization,Learn,4188.02,2025-12-06,true,Machine learning and deep neural networks lab (Recorded on 2025-12-06)
1404,Uber Premier Commute,Transport,806.28,2025-12-07,false,Airport ride terminal 2 business flight (Recorded on 2025-12-07)
1405,Board Game Pub & Cafe,Fun,1574.93,2025-12-07,false,Strategy game night craft beers and nacho platters (Recorded on 2025-12-07)
1406,Apollo Pharmacy Prescription,Health,658.95,2025-12-08,true,Prescription medication; vitamin D3 & omega-3 (Recorded on 2025-12-08)
1407,Mobile 5G Postpaid Plan,Bills,1226.49,2025-12-08,true,Unlimited 5G corporate postpaid phone plan (Recorded on 2025-12-08)
1408,Tech Conference Full Pass,Learn,6328.22,2025-12-08,true,Annual developer engineering summit registration (Recorded on 2025-12-08)
1409,LPG Cooking Gas Cylinder Refill,Bills,889.75,2025-12-08,true,Indane domestic LPG home delivery (Recorded on 2025-12-08)
1410,Go-Karting Speedway Grand Prix,Fun,2604.21,2025-12-08,false,Weekend competitive racing sessions with group (Recorded on 2025-12-08)
1411,Deep Home Sanitization Service,Other,3240.43,2025-12-09,true,Quarterly professional deep house cleaning and scrub (Recorded on 2025-12-09)
1412,Express International Courier,Other,1190.23,2025-12-09,true,Expedited legal document international courier parcel (Recorded on 2025-12-09)
1413,Optometry Eye Checkup & Frames,Health,4032.33,2025-12-09,true,Blue-light blocking high-index prescription lenses (Recorded on 2025-12-09)
1414,Neighborhood Hardware Store,Shopping,1084.26,2025-12-09,true,Stainless screws; drywall anchors; drill accessories (Recorded on 2025-12-09)
1415,Auto Rickshaw Meter Fare,Transport,113.59,2025-12-09,true,Local city transit to metro station (Recorded on 2025-12-09)
1416,Amazon Tech Essentials,Shopping,1392.47,2025-12-09,true,USB-C multi-port hub; braided cables & adapter (Recorded on 2025-12-09)
1417,Physiotherapy Posture Rehab,Health,1229.82,2025-12-10,true,Spine and cervical posture rehab therapy session (Recorded on 2025-12-10)
1418,Starbucks Latte & Croissant,Food,544.55,2025-12-10,false,Meeting client over coffee & cookies (Recorded on 2025-12-10)
1419,Whole Foods Grocery,Food,3916.74,2025-12-10,true,Weekly fresh vegetables; organic fruits and dairy (Recorded on 2025-12-10)
1420,Friend Wedding / Birthday Gift,Other,4676.89,2025-12-10,false,Custom engraved stainless steel wristwatch with box (Recorded on 2025-12-10)
1421,Expressway FASTag Toll,Transport,333.06,2025-12-10,true,State expressway toll automated electronic debit (Recorded on 2025-12-10)
1422,Blinkit Quick Delivery,Food,380.59,2025-12-11,false,Midnight craving snacks; chocolate and ice cream (Recorded on 2025-12-11)
1423,Tech Conference Full Pass,Learn,7780.88,2025-12-11,true,Annual developer engineering summit registration (Recorded on 2025-12-11)
1424,Starbucks Latte & Croissant,Food,670.15,2025-12-12,false,Meeting client over coffee & cookies (Recorded on 2025-12-12)
1425,Dry Cleaning & Garment Care,Other,842.05,2025-12-12,true,Winter wool coats; formal suits and blazers clean (Recorded on 2025-12-12)
1426,Airtel 5G Fiber Broadband,Bills,1015.80,2025-12-12,true,1 Gbps symmetrical unlimited high-speed fiber plan (Recorded on 2025-12-12)
1427,Concert Live Music Festival,Fun,4347.41,2025-12-12,false,Weekend rock concert arena general admission pass (Recorded on 2025-12-12)
1428,Dental Scaling & Oral Checkup,Health,2051.52,2025-12-13,true,Bi-annual preventive dental cleaning and exam (Recorded on 2025-12-13)
1429,Amazon Tech Essentials,Shopping,3192.68,2025-12-13,true,USB-C multi-port hub; braided cables & adapter (Recorded on 2025-12-13)
1430,Optometry Eye Checkup & Frames,Health,4020.09,2025-12-14,true,Blue-light blocking high-index prescription lenses (Recorded on 2025-12-14)
1431,Concert Live Music Festival,Fun,3576.83,2025-12-14,false,Weekend rock concert arena general admission pass (Recorded on 2025-12-14)
1432,Metro Smart Card Recharge,Transport,774.80,2025-12-14,true,Monthly unlimited metro transit card recharge (Recorded on 2025-12-14)
1433,Cult.fit Fitness Gym Pass,Health,9316.44,2025-12-14,true,Quarterly fitness center gym and yoga pass (Recorded on 2025-12-14)
1434,Airtel 5G Fiber Broadband,Bills,1302.18,2025-12-14,true,1 Gbps symmetrical unlimited high-speed fiber plan (Recorded on 2025-12-14)
1435,Charity Foundation Contribution,Other,3299.63,2025-12-15,false,Monthly child education and midday meal sponsorship (Recorded on 2025-12-15)
1436,Airtel 5G Fiber Broadband,Bills,1202.57,2025-12-15,true,1 Gbps symmetrical unlimited high-speed fiber plan (Recorded on 2025-12-15)
1437,Metro Smart Card Recharge,Transport,751.58,2025-12-15,true,Monthly unlimited metro transit card recharge (Recorded on 2025-12-15)
1438,Expressway FASTag Toll,Transport,725.67,2025-12-16,true,State expressway toll automated electronic debit (Recorded on 2025-12-16)
1439,LPG Cooking Gas Cylinder Refill,Bills,894.28,2025-12-16,true,Indane domestic LPG home delivery (Recorded on 2025-12-16)
1440,Tech Conference Full Pass,Learn,6918.15,2025-12-16,true,Annual developer engineering summit registration (Recorded on 2025-12-16)
1441,Spotify Premium Family Plan,Fun,1799.00,2025-12-16,false,Annual ad-free multi-user music streaming (Recorded on 2025-12-16)
1442,Charity Foundation Contribution,Other,4586.10,2025-12-17,false,Monthly child education and midday meal sponsorship (Recorded on 2025-12-17)
1443,Fine Dining Restaurant,Food,3755.74,2025-12-17,false,Special anniversary dinner buffet (Recorded on 2025-12-17)
1444,Automobile Ceramic Detailing,Transport,2657.42,2025-12-17,false,Full interior vacuum; engine degrease and wash (Recorded on 2025-12-17)
1445,Board Game Pub & Cafe,Fun,1456.35,2025-12-17,false,Strategy game night craft beers and nacho platters (Recorded on 2025-12-17)
1446,Coursera AI Specialization,Learn,4515.50,2025-12-18,true,Machine learning and deep neural networks lab (Recorded on 2025-12-18)
1447,Zomato Weekend Dinner,Food,1197.21,2025-12-18,false,Family gourmet pizza and pasta treat (Recorded on 2025-12-18)
1448,Automobile Ceramic Detailing,Transport,2749.51,2025-12-18,false,Full interior vacuum; engine degrease and wash (Recorded on 2025-12-18)
1449,Apollo Pharmacy Prescription,Health,1198.64,2025-12-18,true,Prescription medication; vitamin D3 & omega-3 (Recorded on 2025-12-18)
1450,Express International Courier,Other,650.51,2025-12-19,true,Expedited legal document international courier parcel (Recorded on 2025-12-19)
1451,Airtel 5G Fiber Broadband,Bills,1472.56,2025-12-19,true,1 Gbps symmetrical unlimited high-speed fiber plan (Recorded on 2025-12-19)
1452,Go-Karting Speedway Grand Prix,Fun,2974.22,2025-12-19,false,Weekend competitive racing sessions with group (Recorded on 2025-12-19)
1453,Spotify Premium Family Plan,Fun,1799.00,2025-12-20,false,Annual ad-free multi-user music streaming (Recorded on 2025-12-20)
1454,Airtel 5G Fiber Broadband,Bills,1113.60,2025-12-20,true,1 Gbps symmetrical unlimited high-speed fiber plan (Recorded on 2025-12-20)
1455,Spotify Premium Family Plan,Fun,1799.00,2025-12-20,false,Annual ad-free multi-user music streaming (Recorded on 2025-12-20)
1456,Dental Scaling & Oral Checkup,Health,2212.62,2025-12-21,true,Bi-annual preventive dental cleaning and exam (Recorded on 2025-12-21)
1457,Metro Smart Card Recharge,Transport,837.91,2025-12-21,true,Monthly unlimited metro transit card recharge (Recorded on 2025-12-21)
1458,Friend Wedding / Birthday Gift,Other,2533.12,2025-12-21,false,Custom engraved stainless steel wristwatch with box (Recorded on 2025-12-21)
1459,Fine Dining Restaurant,Food,5412.78,2025-12-21,false,Special anniversary dinner buffet (Recorded on 2025-12-21)
1460,Diagnostic Comprehensive Blood Panel,Health,4265.68,2025-12-21,true,Full body health checkup; liver and lipid profile (Recorded on 2025-12-21)
1461,Municipal Water Authority,Bills,441.44,2025-12-21,true,Quarterly residential piped water supply charges (Recorded on 2025-12-21)
1462,Municipal Water Authority,Bills,461.05,2025-12-22,true,Quarterly residential piped water supply charges (Recorded on 2025-12-22)
1463,Amazon Tech Essentials,Shopping,2108.72,2025-12-22,true,USB-C multi-port hub; braided cables & adapter (Recorded on 2025-12-22)
1464,Language Mastery Application,Learn,2938.65,2025-12-22,false,Annual conversational language learning subscription (Recorded on 2025-12-22)
1465,Chai & Samosa Corner,Food,78.20,2025-12-22,true,Evening masala tea with team members (Recorded on 2025-12-22)
1466,Nike Marathon Running Shoes,Shopping,12811.06,2025-12-22,false,Long distance training air zoom cushion sneakers (Recorded on 2025-12-22)
1467,Express International Courier,Other,935.83,2025-12-22,true,Expedited legal document international courier parcel (Recorded on 2025-12-22)
1468,Go-Karting Speedway Grand Prix,Fun,2662.02,2025-12-23,false,Weekend competitive racing sessions with group (Recorded on 2025-12-23)
1469,Cult.fit Fitness Gym Pass,Health,7563.89,2025-12-23,true,Quarterly fitness center gym and yoga pass (Recorded on 2025-12-23)
1470,Uniqlo Airism Essentials,Shopping,1804.55,2025-12-24,true,Innerwear; cooling undershirts and crew socks (Recorded on 2025-12-24)
1471,Municipal Water Authority,Bills,829.26,2025-12-24,true,Quarterly residential piped water supply charges (Recorded on 2025-12-24)
1472,Cult.fit Fitness Gym Pass,Health,5419.57,2025-12-24,true,Quarterly fitness center gym and yoga pass (Recorded on 2025-12-24)
1473,Udemy Masterclass Bootcamp,Learn,1034.27,2025-12-24,true,Full-stack distributed cloud architecture video course (Recorded on 2025-12-24)
1474,Diagnostic Comprehensive Blood Panel,Health,2843.15,2025-12-25,true,Full body health checkup; liver and lipid profile (Recorded on 2025-12-25)
1475,Uniqlo Airism Essentials,Shopping,1501.62,2025-12-25,true,Innerwear; cooling undershirts and crew socks (Recorded on 2025-12-25)
1476,Spotify Premium Family Plan,Fun,1799.00,2025-12-25,false,Annual ad-free multi-user music streaming (Recorded on 2025-12-25)
1477,Expressway FASTag Toll,Transport,682.45,2025-12-25,true,State expressway toll automated electronic debit (Recorded on 2025-12-25)
1478,Language Mastery Application,Learn,2195.06,2025-12-26,false,Annual conversational language learning subscription (Recorded on 2025-12-26)
1479,Nike Marathon Running Shoes,Shopping,11444.35,2025-12-26,false,Long distance training air zoom cushion sneakers (Recorded on 2025-12-26)
1480,Nike Marathon Running Shoes,Shopping,8995.78,2025-12-26,false,Long distance training air zoom cushion sneakers (Recorded on 2025-12-26)
1481,Diagnostic Comprehensive Blood Panel,Health,2890.08,2025-12-26,true,Full body health checkup; liver and lipid profile (Recorded on 2025-12-26)
1482,Blinkit Quick Delivery,Food,147.71,2025-12-26,false,Midnight craving snacks; chocolate and ice cream (Recorded on 2025-12-26)
1483,Amazon Tech Essentials,Shopping,1394.79,2025-12-26,true,USB-C multi-port hub; braided cables & adapter (Recorded on 2025-12-26)
1484,Dry Cleaning & Garment Care,Other,1139.83,2025-12-27,true,Winter wool coats; formal suits and blazers clean (Recorded on 2025-12-27)
1485,Cult.fit Fitness Gym Pass,Health,6304.81,2025-12-27,true,Quarterly fitness center gym and yoga pass (Recorded on 2025-12-27)
1486,Mobile 5G Postpaid Plan,Bills,808.92,2025-12-27,true,Unlimited 5G corporate postpaid phone plan (Recorded on 2025-12-27)
1487,City Mall Parking Fee,Transport,273.47,2025-12-27,false,Multi-level basement underground parking validation (Recorded on 2025-12-27)
1488,Concert Live Music Festival,Fun,6379.47,2025-12-28,false,Weekend rock concert arena general admission pass (Recorded on 2025-12-28)
1489,Neighborhood Hardware Store,Shopping,591.92,2025-12-28,true,Stainless screws; drywall anchors; drill accessories (Recorded on 2025-12-28)
1490,Optometry Eye Checkup & Frames,Health,4492.82,2025-12-28,true,Blue-light blocking high-index prescription lenses (Recorded on 2025-12-28)
1491,Dry Cleaning & Garment Care,Other,1057.29,2025-12-28,true,Winter wool coats; formal suits and blazers clean (Recorded on 2025-12-28)
1492,Municipal Water Authority,Bills,665.86,2025-12-28,true,Quarterly residential piped water supply charges (Recorded on 2025-12-28)
1493,Neighborhood Hardware Store,Shopping,492.44,2025-12-28,true,Stainless screws; drywall anchors; drill accessories (Recorded on 2025-12-28)
1494,Tech Conference Full Pass,Learn,7358.19,2025-12-29,true,Annual developer engineering summit registration (Recorded on 2025-12-29)
1495,Metro Smart Card Recharge,Transport,581.00,2025-12-29,true,Monthly unlimited metro transit card recharge (Recorded on 2025-12-29)
1496,PlayStation Store RPG Purchase,Fun,3632.76,2025-12-29,false,Digital deluxe collector edition open world game (Recorded on 2025-12-29)
1497,LPG Cooking Gas Cylinder Refill,Bills,876.75,2025-12-29,true,Indane domestic LPG home delivery (Recorded on 2025-12-29)
1498,Municipal Water Authority,Bills,740.49,2025-12-30,true,Quarterly residential piped water supply charges (Recorded on 2025-12-30)
1499,Optometry Eye Checkup & Frames,Health,4806.37,2025-12-30,true,Blue-light blocking high-index prescription lenses (Recorded on 2025-12-30)
1500,Charity Foundation Contribution,Other,1669.27,2025-12-30,false,Monthly child education and midday meal sponsorship (Recorded on 2025-12-30)
1501,Starbucks Latte & Croissant,Food,713.89,2025-12-30,false,Meeting client over coffee & cookies (Recorded on 2025-12-30)
1502,LPG Cooking Gas Cylinder Refill,Bills,920.07,2025-12-30,true,Indane domestic LPG home delivery (Recorded on 2025-12-30)
1503,Netflix 4K UltraHD Subscription,Fun,649.00,2025-12-31,false,Monthly family tier streaming account (Recorded on 2025-12-31)
1504,Kindle Technical E-Books,Learn,521.67,2025-12-31,true,Software engineering architecture & financial books (Recorded on 2025-12-31)
1505,Swiggy Lunch Box,Food,381.28,2026-01-01,false,Office lunch meal with drink (Recorded on 2026-01-01)
1506,Metro Smart Card Recharge,Transport,631.23,2026-01-01,true,Monthly unlimited metro transit card recharge (Recorded on 2026-01-01)
1507,Amazon Tech Essentials,Shopping,2405.77,2026-01-01,true,USB-C multi-port hub; braided cables & adapter (Recorded on 2026-01-01)
1508,Coursera AI Specialization,Learn,4228.36,2026-01-01,true,Machine learning and deep neural networks lab (Recorded on 2026-01-01)
1509,Municipal Water Authority,Bills,663.24,2026-01-01,true,Quarterly residential piped water supply charges (Recorded on 2026-01-01)
1510,Amazon Tech Essentials,Shopping,979.89,2026-01-02,true,USB-C multi-port hub; braided cables & adapter (Recorded on 2026-01-02)
1511,Cult.fit Fitness Gym Pass,Health,8821.21,2026-01-02,true,Quarterly fitness center gym and yoga pass (Recorded on 2026-01-02)
1512,Friend Wedding / Birthday Gift,Other,7174.29,2026-01-02,false,Custom engraved stainless steel wristwatch with box (Recorded on 2026-01-02)
1513,Deep Home Sanitization Service,Other,4439.08,2026-01-03,true,Quarterly professional deep house cleaning and scrub (Recorded on 2026-01-03)
1514,Uniqlo Airism Essentials,Shopping,2574.44,2026-01-03,true,Innerwear; cooling undershirts and crew socks (Recorded on 2026-01-03)
1515,Tech Conference Full Pass,Learn,7698.93,2026-01-03,true,Annual developer engineering summit registration (Recorded on 2026-01-03)
1516,Mobile 5G Postpaid Plan,Bills,1039.83,2026-01-03,true,Unlimited 5G corporate postpaid phone plan (Recorded on 2026-01-03)
1517,Spotify Premium Family Plan,Fun,1799.00,2026-01-03,false,Annual ad-free multi-user music streaming (Recorded on 2026-01-03)
1518,IRCTC Executive Train Ticket,Transport,1396.41,2026-01-03,true,Intercity executive AC chair car reservation (Recorded on 2026-01-03)
1519,Airtel 5G Fiber Broadband,Bills,1150.79,2026-01-04,true,1 Gbps symmetrical unlimited high-speed fiber plan (Recorded on 2026-01-04)
1520,Chai & Samosa Corner,Food,129.69,2026-01-04,true,Evening masala tea with team members (Recorded on 2026-01-04)
1521,IKEA Modular Desk Organizers,Shopping,3219.86,2026-01-04,false,Desk cable management units; drawer trays & LED (Recorded on 2026-01-04)
1522,Fine Dining Restaurant,Food,9155.22,2026-01-04,false,Special anniversary dinner buffet (Recorded on 2026-01-04)
1523,Express International Courier,Other,357.76,2026-01-04,true,Expedited legal document international courier parcel (Recorded on 2026-01-04)
1524,Society Apartment Maintenance,Bills,3731.80,2026-01-05,true,Monthly housing security; backup generator & lift fee (Recorded on 2026-01-05)
1525,Chai & Samosa Corner,Food,81.10,2026-01-05,true,Evening masala tea with team members (Recorded on 2026-01-05)
1526,Tech Conference Full Pass,Learn,6685.53,2026-01-05,true,Annual developer engineering summit registration (Recorded on 2026-01-05)
1527,Netflix 4K UltraHD Subscription,Fun,649.00,2026-01-05,false,Monthly family tier streaming account (Recorded on 2026-01-05)
1528,Language Mastery Application,Learn,2219.59,2026-01-05,false,Annual conversational language learning subscription (Recorded on 2026-01-05)
1529,Udemy Masterclass Bootcamp,Learn,1112.29,2026-01-06,true,Full-stack distributed cloud architecture video course (Recorded on 2026-01-06)
1530,Mobile 5G Postpaid Plan,Bills,1123.23,2026-01-06,true,Unlimited 5G corporate postpaid phone plan (Recorded on 2026-01-06)
1531,Municipal Water Authority,Bills,444.00,2026-01-07,true,Quarterly residential piped water supply charges (Recorded on 2026-01-07)
1532,Shell Petrol Station Fuel,Transport,2814.24,2026-01-07,true,Full tank unleaded petrol for vehicle (Recorded on 2026-01-07)
1533,IRCTC Executive Train Ticket,Transport,1845.71,2026-01-07,true,Intercity executive AC chair car reservation (Recorded on 2026-01-07)
1534,LPG Cooking Gas Cylinder Refill,Bills,912.28,2026-01-07,true,Indane domestic LPG home delivery (Recorded on 2026-01-07)
1535,PlayStation Store RPG Purchase,Fun,3037.79,2026-01-07,false,Digital deluxe collector edition open world game (Recorded on 2026-01-07)
1536,Chai & Samosa Corner,Food,42.43,2026-01-07,true,Evening masala tea with team members (Recorded on 2026-01-07)
1537,Mobile 5G Postpaid Plan,Bills,861.52,2026-01-08,true,Unlimited 5G corporate postpaid phone plan (Recorded on 2026-01-08)
1538,Dry Cleaning & Garment Care,Other,879.37,2026-01-08,true,Winter wool coats; formal suits and blazers clean (Recorded on 2026-01-08)
1539,Fine Dining Restaurant,Food,4411.72,2026-01-09,false,Special anniversary dinner buffet (Recorded on 2026-01-09)
1540,Coursera AI Specialization,Learn,4784.73,2026-01-09,true,Machine learning and deep neural networks lab (Recorded on 2026-01-09)
1541,Express International Courier,Other,744.13,2026-01-09,true,Expedited legal document international courier parcel (Recorded on 2026-01-09)
1542,Apollo Pharmacy Prescription,Health,1588.79,2026-01-10,true,Prescription medication; vitamin D3 & omega-3 (Recorded on 2026-01-10)
1543,Amazon Tech Essentials,Shopping,1512.22,2026-01-10,true,USB-C multi-port hub; braided cables & adapter (Recorded on 2026-01-10)
1544,IRCTC Executive Train Ticket,Transport,1213.33,2026-01-11,true,Intercity executive AC chair car reservation (Recorded on 2026-01-11)
1545,iCloud / Google Cloud Storage,Bills,650.00,2026-01-11,true,2TB unified encrypted cloud backup subscription (Recorded on 2026-01-11)
1546,Kindle Technical E-Books,Learn,541.47,2026-01-11,true,Software engineering architecture & financial books (Recorded on 2026-01-11)
1547,Go-Karting Speedway Grand Prix,Fun,3042.45,2026-01-11,false,Weekend competitive racing sessions with group (Recorded on 2026-01-11)
1548,Deep Home Sanitization Service,Other,3975.24,2026-01-11,true,Quarterly professional deep house cleaning and scrub (Recorded on 2026-01-11)
1549,Go-Karting Speedway Grand Prix,Fun,2970.65,2026-01-12,false,Weekend competitive racing sessions with group (Recorded on 2026-01-12)
1550,Auto Rickshaw Meter Fare,Transport,116.74,2026-01-12,true,Local city transit to metro station (Recorded on 2026-01-12)
1551,Dental Scaling & Oral Checkup,Health,2017.91,2026-01-13,true,Bi-annual preventive dental cleaning and exam (Recorded on 2026-01-13)
1552,Chai & Samosa Corner,Food,97.30,2026-01-13,true,Evening masala tea with team members (Recorded on 2026-01-13)
1553,Municipal Water Authority,Bills,669.26,2026-01-13,true,Quarterly residential piped water supply charges (Recorded on 2026-01-13)
1554,PlayStation Store RPG Purchase,Fun,4774.04,2026-01-13,false,Digital deluxe collector edition open world game (Recorded on 2026-01-13)
1555,Auto Rickshaw Meter Fare,Transport,135.95,2026-01-14,true,Local city transit to metro station (Recorded on 2026-01-14)
1556,Apollo Pharmacy Prescription,Health,675.94,2026-01-14,true,Prescription medication; vitamin D3 & omega-3 (Recorded on 2026-01-14)
1557,Society Apartment Maintenance,Bills,3475.19,2026-01-14,true,Monthly housing security; backup generator & lift fee (Recorded on 2026-01-14)
1558,Swiggy Lunch Box,Food,324.32,2026-01-15,false,Office lunch meal with drink (Recorded on 2026-01-15)
1559,Friend Wedding / Birthday Gift,Other,3274.96,2026-01-15,false,Custom engraved stainless steel wristwatch with box (Recorded on 2026-01-15)
1560,Auto Rickshaw Meter Fare,Transport,78.92,2026-01-15,true,Local city transit to metro station (Recorded on 2026-01-15)
1561,Optometry Eye Checkup & Frames,Health,2646.21,2026-01-16,true,Blue-light blocking high-index prescription lenses (Recorded on 2026-01-16)
1562,Optometry Eye Checkup & Frames,Health,3031.07,2026-01-16,true,Blue-light blocking high-index prescription lenses (Recorded on 2026-01-16)
1563,Shell Petrol Station Fuel,Transport,3622.04,2026-01-17,true,Full tank unleaded petrol for vehicle (Recorded on 2026-01-17)
1564,Physiotherapy Posture Rehab,Health,1351.99,2026-01-17,true,Spine and cervical posture rehab therapy session (Recorded on 2026-01-17)
1565,Diagnostic Comprehensive Blood Panel,Health,3886.33,2026-01-17,true,Full body health checkup; liver and lipid profile (Recorded on 2026-01-17)
1566,Blinkit Quick Delivery,Food,220.29,2026-01-17,false,Midnight craving snacks; chocolate and ice cream (Recorded on 2026-01-17)
1567,IKEA Modular Desk Organizers,Shopping,6891.88,2026-01-17,false,Desk cable management units; drawer trays & LED (Recorded on 2026-01-17)
1568,Charity Foundation Contribution,Other,3236.10,2026-01-17,false,Monthly child education and midday meal sponsorship (Recorded on 2026-01-17)
1569,Deep Home Sanitization Service,Other,3633.40,2026-01-18,true,Quarterly professional deep house cleaning and scrub (Recorded on 2026-01-18)
1570,Cult.fit Fitness Gym Pass,Health,8162.01,2026-01-18,true,Quarterly fitness center gym and yoga pass (Recorded on 2026-01-18)
1571,iCloud / Google Cloud Storage,Bills,650.00,2026-01-18,true,2TB unified encrypted cloud backup subscription (Recorded on 2026-01-18)
1572,Amazon Tech Essentials,Shopping,2121.15,2026-01-18,true,USB-C multi-port hub; braided cables & adapter (Recorded on 2026-01-18)
1573,Express International Courier,Other,1046.51,2026-01-18,true,Expedited legal document international courier parcel (Recorded on 2026-01-18)
1574,Diagnostic Comprehensive Blood Panel,Health,2201.66,2026-01-18,true,Full body health checkup; liver and lipid profile (Recorded on 2026-01-18)
1575,Udemy Masterclass Bootcamp,Learn,1405.35,2026-01-19,true,Full-stack distributed cloud architecture video course (Recorded on 2026-01-19)
1576,Physiotherapy Posture Rehab,Health,967.15,2026-01-19,true,Spine and cervical posture rehab therapy session (Recorded on 2026-01-19)
1577,Automobile Ceramic Detailing,Transport,1636.70,2026-01-19,false,Full interior vacuum; engine degrease and wash (Recorded on 2026-01-19)
1578,Friend Wedding / Birthday Gift,Other,3270.66,2026-01-19,false,Custom engraved stainless steel wristwatch with box (Recorded on 2026-01-19)
1579,Mobile 5G Postpaid Plan,Bills,1003.90,2026-01-19,true,Unlimited 5G corporate postpaid phone plan (Recorded on 2026-01-19)
1580,Apollo Pharmacy Prescription,Health,579.95,2026-01-19,true,Prescription medication; vitamin D3 & omega-3 (Recorded on 2026-01-19)
1581,Starbucks Latte & Croissant,Food,439.32,2026-01-20,false,Meeting client over coffee & cookies (Recorded on 2026-01-20)
1582,Supermarket Staples,Food,2928.22,2026-01-20,true,Monthly pulses; basmati grains; spices and olive oil (Recorded on 2026-01-20)
1583,Uber Premier Commute,Transport,992.46,2026-01-21,false,Airport ride terminal 2 business flight (Recorded on 2026-01-21)
1584,Language Mastery Application,Learn,2524.82,2026-01-21,false,Annual conversational language learning subscription (Recorded on 2026-01-21)
1585,Electricity Power Utility,Bills,2645.60,2026-01-21,true,Monthly household air conditioning electricity bill (Recorded on 2026-01-21)
1586,Uber Premier Commute,Transport,1333.70,2026-01-22,false,Airport ride terminal 2 business flight (Recorded on 2026-01-22)
1587,Board Game Pub & Cafe,Fun,1215.12,2026-01-22,false,Strategy game night craft beers and nacho platters (Recorded on 2026-01-22)
1588,IRCTC Executive Train Ticket,Transport,2111.48,2026-01-22,true,Intercity executive AC chair car reservation (Recorded on 2026-01-22)
1589,Local Fruit Stall,Food,423.21,2026-01-22,true,Fresh seasonal Alphonso mangoes and apples (Recorded on 2026-01-22)
1590,Coursera AI Specialization,Learn,4793.25,2026-01-22,true,Machine learning and deep neural networks lab (Recorded on 2026-01-22)
1591,Bakery Artisanal Bread & Pastry,Food,265.06,2026-01-22,true,Morning bakery supplies and sourdough loaf (Recorded on 2026-01-22)
1592,Expressway FASTag Toll,Transport,246.76,2026-01-23,true,State expressway toll automated electronic debit (Recorded on 2026-01-23)
1593,Concert Live Music Festival,Fun,3985.60,2026-01-23,false,Weekend rock concert arena general admission pass (Recorded on 2026-01-23)
1594,Udemy Masterclass Bootcamp,Learn,853.50,2026-01-24,true,Full-stack distributed cloud architecture video course (Recorded on 2026-01-24)
1595,Concert Live Music Festival,Fun,6626.63,2026-01-24,false,Weekend rock concert arena general admission pass (Recorded on 2026-01-24)
1596,Uniqlo Airism Essentials,Shopping,2923.15,2026-01-24,true,Innerwear; cooling undershirts and crew socks (Recorded on 2026-01-24)
1597,City Mall Parking Fee,Transport,234.90,2026-01-25,false,Multi-level basement underground parking validation (Recorded on 2026-01-25)
1598,Kindle Technical E-Books,Learn,575.11,2026-01-25,true,Software engineering architecture & financial books (Recorded on 2026-01-25)
1599,Uniqlo Airism Essentials,Shopping,2123.58,2026-01-25,true,Innerwear; cooling undershirts and crew socks (Recorded on 2026-01-25)
1600,Optometry Eye Checkup & Frames,Health,3048.52,2026-01-25,true,Blue-light blocking high-index prescription lenses (Recorded on 2026-01-25)
1601,Express International Courier,Other,1117.11,2026-01-25,true,Expedited legal document international courier parcel (Recorded on 2026-01-25)
1602,Cult.fit Fitness Gym Pass,Health,6561.72,2026-01-26,true,Quarterly fitness center gym and yoga pass (Recorded on 2026-01-26)
1603,Coursera AI Specialization,Learn,4607.41,2026-01-26,true,Machine learning and deep neural networks lab (Recorded on 2026-01-26)
1604,Go-Karting Speedway Grand Prix,Fun,3031.42,2026-01-26,false,Weekend competitive racing sessions with group (Recorded on 2026-01-26)
1605,Mobile 5G Postpaid Plan,Bills,1279.83,2026-01-26,true,Unlimited 5G corporate postpaid phone plan (Recorded on 2026-01-26)
1606,Charity Foundation Contribution,Other,1000.78,2026-01-26,false,Monthly child education and midday meal sponsorship (Recorded on 2026-01-26)
1607,Zomato Weekend Dinner,Food,1753.22,2026-01-26,false,Family gourmet pizza and pasta treat (Recorded on 2026-01-26)
1608,IKEA Modular Desk Organizers,Shopping,1538.42,2026-01-27,false,Desk cable management units; drawer trays & LED (Recorded on 2026-01-27)
1609,Netflix 4K UltraHD Subscription,Fun,649.00,2026-01-27,false,Monthly family tier streaming account (Recorded on 2026-01-27)
1610,Apollo Pharmacy Prescription,Health,1491.56,2026-01-27,true,Prescription medication; vitamin D3 & omega-3 (Recorded on 2026-01-27)
1611,Society Apartment Maintenance,Bills,4375.92,2026-01-27,true,Monthly housing security; backup generator & lift fee (Recorded on 2026-01-27)
1612,Amazon Tech Essentials,Shopping,985.83,2026-01-27,true,USB-C multi-port hub; braided cables & adapter (Recorded on 2026-01-27)
1613,Dental Scaling & Oral Checkup,Health,1379.93,2026-01-27,true,Bi-annual preventive dental cleaning and exam (Recorded on 2026-01-27)
1614,Netflix 4K UltraHD Subscription,Fun,649.00,2026-01-28,false,Monthly family tier streaming account (Recorded on 2026-01-28)
1615,iCloud / Google Cloud Storage,Bills,650.00,2026-01-28,true,2TB unified encrypted cloud backup subscription (Recorded on 2026-01-28)
1616,Electricity Power Utility,Bills,3339.66,2026-01-28,true,Monthly household air conditioning electricity bill (Recorded on 2026-01-28)
1617,Board Game Pub & Cafe,Fun,738.78,2026-01-28,false,Strategy game night craft beers and nacho platters (Recorded on 2026-01-28)
1618,Deep Home Sanitization Service,Other,3476.55,2026-01-29,true,Quarterly professional deep house cleaning and scrub (Recorded on 2026-01-29)
1619,Expressway FASTag Toll,Transport,222.42,2026-01-29,true,State expressway toll automated electronic debit (Recorded on 2026-01-29)
1620,Kindle Technical E-Books,Learn,1035.09,2026-01-29,true,Software engineering architecture & financial books (Recorded on 2026-01-29)
1621,Cult.fit Fitness Gym Pass,Health,8898.96,2026-01-29,true,Quarterly fitness center gym and yoga pass (Recorded on 2026-01-29)
1622,Kindle Technical E-Books,Learn,1102.34,2026-01-30,true,Software engineering architecture & financial books (Recorded on 2026-01-30)
1623,Board Game Pub & Cafe,Fun,1400.70,2026-01-30,false,Strategy game night craft beers and nacho platters (Recorded on 2026-01-30)
1624,Blinkit Quick Delivery,Food,135.16,2026-01-30,false,Midnight craving snacks; chocolate and ice cream (Recorded on 2026-01-30)
1625,Local Fruit Stall,Food,415.97,2026-01-30,true,Fresh seasonal Alphonso mangoes and apples (Recorded on 2026-01-30)
1626,IKEA Modular Desk Organizers,Shopping,4513.91,2026-01-30,false,Desk cable management units; drawer trays & LED (Recorded on 2026-01-30)
1627,Amazon Tech Essentials,Shopping,2449.03,2026-01-31,true,USB-C multi-port hub; braided cables & adapter (Recorded on 2026-01-31)
1628,Language Mastery Application,Learn,2751.84,2026-01-31,false,Annual conversational language learning subscription (Recorded on 2026-01-31)
1629,Auto Rickshaw Meter Fare,Transport,111.83,2026-01-31,true,Local city transit to metro station (Recorded on 2026-01-31)
1630,Zara Linen Summer Collection,Shopping,3533.82,2026-02-01,false,Breathable cotton casual button-up shirts (Recorded on 2026-02-01)
1631,Friend Wedding / Birthday Gift,Other,6226.58,2026-02-01,false,Custom engraved stainless steel wristwatch with box (Recorded on 2026-02-01)
1632,Coursera AI Specialization,Learn,4084.08,2026-02-01,true,Machine learning and deep neural networks lab (Recorded on 2026-02-01)
1633,Udemy Masterclass Bootcamp,Learn,1308.63,2026-02-01,true,Full-stack distributed cloud architecture video course (Recorded on 2026-02-01)
1634,Friend Wedding / Birthday Gift,Other,3490.54,2026-02-01,false,Custom engraved stainless steel wristwatch with box (Recorded on 2026-02-01)
1635,Concert Live Music Festival,Fun,6579.98,2026-02-02,false,Weekend rock concert arena general admission pass (Recorded on 2026-02-02)
1636,Netflix 4K UltraHD Subscription,Fun,649.00,2026-02-02,false,Monthly family tier streaming account (Recorded on 2026-02-02)
1637,Expressway FASTag Toll,Transport,666.06,2026-02-02,true,State expressway toll automated electronic debit (Recorded on 2026-02-02)
1638,Optometry Eye Checkup & Frames,Health,6188.97,2026-02-02,true,Blue-light blocking high-index prescription lenses (Recorded on 2026-02-02)
1639,Metro Smart Card Recharge,Transport,835.87,2026-02-02,true,Monthly unlimited metro transit card recharge (Recorded on 2026-02-02)
1640,Cult.fit Fitness Gym Pass,Health,5452.45,2026-02-03,true,Quarterly fitness center gym and yoga pass (Recorded on 2026-02-03)
1641,Physiotherapy Posture Rehab,Health,1258.79,2026-02-03,true,Spine and cervical posture rehab therapy session (Recorded on 2026-02-03)
1642,Airtel 5G Fiber Broadband,Bills,1492.83,2026-02-03,true,1 Gbps symmetrical unlimited high-speed fiber plan (Recorded on 2026-02-03)
1643,Friend Wedding / Birthday Gift,Other,3229.09,2026-02-03,false,Custom engraved stainless steel wristwatch with box (Recorded on 2026-02-03)
1644,Supermarket Staples,Food,3298.74,2026-02-03,true,Monthly pulses; basmati grains; spices and olive oil (Recorded on 2026-02-03)
1645,Neighborhood Hardware Store,Shopping,969.21,2026-02-04,true,Stainless screws; drywall anchors; drill accessories (Recorded on 2026-02-04)
1646,Metro Smart Card Recharge,Transport,869.79,2026-02-04,true,Monthly unlimited metro transit card recharge (Recorded on 2026-02-04)
1647,Concert Live Music Festival,Fun,8133.65,2026-02-04,false,Weekend rock concert arena general admission pass (Recorded on 2026-02-04)
1648,Electricity Power Utility,Bills,2567.12,2026-02-04,true,Monthly household air conditioning electricity bill (Recorded on 2026-02-04)
1649,Municipal Water Authority,Bills,585.60,2026-02-05,true,Quarterly residential piped water supply charges (Recorded on 2026-02-05)
1650,Dental Scaling & Oral Checkup,Health,2162.02,2026-02-05,true,Bi-annual preventive dental cleaning and exam (Recorded on 2026-02-05)
1651,Concert Live Music Festival,Fun,6116.33,2026-02-06,false,Weekend rock concert arena general admission pass (Recorded on 2026-02-06)
1652,Society Apartment Maintenance,Bills,4310.96,2026-02-06,true,Monthly housing security; backup generator & lift fee (Recorded on 2026-02-06)
1653,Apple Store MagSafe Battery,Shopping,10297.51,2026-02-06,false,Official magnetic fast wireless battery pack (Recorded on 2026-02-06)
1654,Tech Conference Full Pass,Learn,9030.20,2026-02-07,true,Annual developer engineering summit registration (Recorded on 2026-02-07)
1655,Zomato Weekend Dinner,Food,1072.51,2026-02-07,false,Family gourmet pizza and pasta treat (Recorded on 2026-02-07)
1656,Spotify Premium Family Plan,Fun,1799.00,2026-02-08,false,Annual ad-free multi-user music streaming (Recorded on 2026-02-08)
1657,Electricity Power Utility,Bills,2980.87,2026-02-08,true,Monthly household air conditioning electricity bill (Recorded on 2026-02-08)
1658,Whole Foods Grocery,Food,2482.53,2026-02-08,true,Weekly fresh vegetables; organic fruits and dairy (Recorded on 2026-02-08)
1659,LPG Cooking Gas Cylinder Refill,Bills,935.21,2026-02-08,true,Indane domestic LPG home delivery (Recorded on 2026-02-08)
1660,Uber Premier Commute,Transport,727.87,2026-02-09,false,Airport ride terminal 2 business flight (Recorded on 2026-02-09)
1661,Udemy Masterclass Bootcamp,Learn,1482.83,2026-02-09,true,Full-stack distributed cloud architecture video course (Recorded on 2026-02-09)
1662,City Mall Parking Fee,Transport,196.93,2026-02-09,false,Multi-level basement underground parking validation (Recorded on 2026-02-09)
1663,Shell Petrol Station Fuel,Transport,2957.41,2026-02-09,true,Full tank unleaded petrol for vehicle (Recorded on 2026-02-09)
1664,Swiggy Lunch Box,Food,224.22,2026-02-10,false,Office lunch meal with drink (Recorded on 2026-02-10)
1665,Mobile 5G Postpaid Plan,Bills,1043.97,2026-02-10,true,Unlimited 5G corporate postpaid phone plan (Recorded on 2026-02-10)
1666,Amazon Tech Essentials,Shopping,1696.94,2026-02-10,true,USB-C multi-port hub; braided cables & adapter (Recorded on 2026-02-10)
1667,Cult.fit Fitness Gym Pass,Health,7626.15,2026-02-10,true,Quarterly fitness center gym and yoga pass (Recorded on 2026-02-10)
1668,Concert Live Music Festival,Fun,4879.39,2026-02-10,false,Weekend rock concert arena general admission pass (Recorded on 2026-02-10)
1669,Municipal Water Authority,Bills,795.20,2026-02-11,true,Quarterly residential piped water supply charges (Recorded on 2026-02-11)
1670,Chai & Samosa Corner,Food,144.40,2026-02-11,true,Evening masala tea with team members (Recorded on 2026-02-11)
1671,IKEA Modular Desk Organizers,Shopping,6882.95,2026-02-12,false,Desk cable management units; drawer trays & LED (Recorded on 2026-02-12)
1672,Amazon Tech Essentials,Shopping,2578.48,2026-02-12,true,USB-C multi-port hub; braided cables & adapter (Recorded on 2026-02-12)
1673,Go-Karting Speedway Grand Prix,Fun,1980.72,2026-02-12,false,Weekend competitive racing sessions with group (Recorded on 2026-02-12)
1674,Coursera AI Specialization,Learn,4908.74,2026-02-13,true,Machine learning and deep neural networks lab (Recorded on 2026-02-13)
1675,Diagnostic Comprehensive Blood Panel,Health,3447.14,2026-02-13,true,Full body health checkup; liver and lipid profile (Recorded on 2026-02-13)
1676,Board Game Pub & Cafe,Fun,809.36,2026-02-13,false,Strategy game night craft beers and nacho platters (Recorded on 2026-02-13)
1677,Spotify Premium Family Plan,Fun,1799.00,2026-02-14,false,Annual ad-free multi-user music streaming (Recorded on 2026-02-14)
1678,IKEA Modular Desk Organizers,Shopping,5630.88,2026-02-14,false,Desk cable management units; drawer trays & LED (Recorded on 2026-02-14)
1679,Nike Marathon Running Shoes,Shopping,12964.49,2026-02-14,false,Long distance training air zoom cushion sneakers (Recorded on 2026-02-14)
1680,Apple Store MagSafe Battery,Shopping,10766.06,2026-02-14,false,Official magnetic fast wireless battery pack (Recorded on 2026-02-14)
1681,IKEA Modular Desk Organizers,Shopping,1905.95,2026-02-14,false,Desk cable management units; drawer trays & LED (Recorded on 2026-02-14)
1682,Shell Petrol Station Fuel,Transport,3230.47,2026-02-14,true,Full tank unleaded petrol for vehicle (Recorded on 2026-02-14)
1683,Local Fruit Stall,Food,552.05,2026-02-15,true,Fresh seasonal Alphonso mangoes and apples (Recorded on 2026-02-15)
1684,Language Mastery Application,Learn,2302.35,2026-02-15,false,Annual conversational language learning subscription (Recorded on 2026-02-15)
1685,Airtel 5G Fiber Broadband,Bills,1388.55,2026-02-15,true,1 Gbps symmetrical unlimited high-speed fiber plan (Recorded on 2026-02-15)
1686,Zara Linen Summer Collection,Shopping,2386.93,2026-02-16,false,Breathable cotton casual button-up shirts (Recorded on 2026-02-16)
1687,Society Apartment Maintenance,Bills,4504.20,2026-02-16,true,Monthly housing security; backup generator & lift fee (Recorded on 2026-02-16)
1688,Netflix 4K UltraHD Subscription,Fun,649.00,2026-02-17,false,Monthly family tier streaming account (Recorded on 2026-02-17)
1689,Local Fruit Stall,Food,231.79,2026-02-17,true,Fresh seasonal Alphonso mangoes and apples (Recorded on 2026-02-17)
1690,Deep Home Sanitization Service,Other,3504.65,2026-02-17,true,Quarterly professional deep house cleaning and scrub (Recorded on 2026-02-17)
1691,Express International Courier,Other,506.38,2026-02-18,true,Expedited legal document international courier parcel (Recorded on 2026-02-18)
1692,Language Mastery Application,Learn,2472.85,2026-02-18,false,Annual conversational language learning subscription (Recorded on 2026-02-18)
1693,Zara Linen Summer Collection,Shopping,3127.21,2026-02-18,false,Breathable cotton casual button-up shirts (Recorded on 2026-02-18)
1694,Kindle Technical E-Books,Learn,1144.08,2026-02-18,true,Software engineering architecture & financial books (Recorded on 2026-02-18)
1695,Udemy Masterclass Bootcamp,Learn,1292.89,2026-02-18,true,Full-stack distributed cloud architecture video course (Recorded on 2026-02-18)
1696,Spotify Premium Family Plan,Fun,1799.00,2026-02-18,false,Annual ad-free multi-user music streaming (Recorded on 2026-02-18)
1697,Shell Petrol Station Fuel,Transport,4632.34,2026-02-19,true,Full tank unleaded petrol for vehicle (Recorded on 2026-02-19)
1698,Friend Wedding / Birthday Gift,Other,4949.71,2026-02-19,false,Custom engraved stainless steel wristwatch with box (Recorded on 2026-02-19)
1699,Diagnostic Comprehensive Blood Panel,Health,4241.45,2026-02-19,true,Full body health checkup; liver and lipid profile (Recorded on 2026-02-19)
1700,Kindle Technical E-Books,Learn,905.95,2026-02-20,true,Software engineering architecture & financial books (Recorded on 2026-02-20)
1701,Coursera AI Specialization,Learn,4393.15,2026-02-20,true,Machine learning and deep neural networks lab (Recorded on 2026-02-20)
1702,Chai & Samosa Corner,Food,52.02,2026-02-20,true,Evening masala tea with team members (Recorded on 2026-02-20)
1703,Dry Cleaning & Garment Care,Other,1653.34,2026-02-20,true,Winter wool coats; formal suits and blazers clean (Recorded on 2026-02-20)
1704,Concert Live Music Festival,Fun,6189.35,2026-02-20,false,Weekend rock concert arena general admission pass (Recorded on 2026-02-20)
1705,Tech Conference Full Pass,Learn,8325.80,2026-02-21,true,Annual developer engineering summit registration (Recorded on 2026-02-21)
1706,Supermarket Staples,Food,3664.72,2026-02-21,true,Monthly pulses; basmati grains; spices and olive oil (Recorded on 2026-02-21)
1707,iCloud / Google Cloud Storage,Bills,650.00,2026-02-22,true,2TB unified encrypted cloud backup subscription (Recorded on 2026-02-22)
1708,Municipal Water Authority,Bills,433.24,2026-02-22,true,Quarterly residential piped water supply charges (Recorded on 2026-02-22)
1709,Society Apartment Maintenance,Bills,5313.78,2026-02-22,true,Monthly housing security; backup generator & lift fee (Recorded on 2026-02-22)
1710,Nike Marathon Running Shoes,Shopping,11638.15,2026-02-22,false,Long distance training air zoom cushion sneakers (Recorded on 2026-02-22)
1711,Dry Cleaning & Garment Care,Other,1467.18,2026-02-22,true,Winter wool coats; formal suits and blazers clean (Recorded on 2026-02-22)
1712,Neighborhood Hardware Store,Shopping,847.63,2026-02-23,true,Stainless screws; drywall anchors; drill accessories (Recorded on 2026-02-23)
1713,Nike Marathon Running Shoes,Shopping,8307.47,2026-02-23,false,Long distance training air zoom cushion sneakers (Recorded on 2026-02-23)
1714,Starbucks Latte & Croissant,Food,576.84,2026-02-24,false,Meeting client over coffee & cookies (Recorded on 2026-02-24)
1715,Go-Karting Speedway Grand Prix,Fun,1680.36,2026-02-24,false,Weekend competitive racing sessions with group (Recorded on 2026-02-24)
1716,Optometry Eye Checkup & Frames,Health,5059.16,2026-02-24,true,Blue-light blocking high-index prescription lenses (Recorded on 2026-02-24)
1717,Apple Store MagSafe Battery,Shopping,10366.52,2026-02-24,false,Official magnetic fast wireless battery pack (Recorded on 2026-02-24)
1718,Metro Smart Card Recharge,Transport,853.11,2026-02-24,true,Monthly unlimited metro transit card recharge (Recorded on 2026-02-24)
1719,Automobile Ceramic Detailing,Transport,2871.81,2026-02-25,false,Full interior vacuum; engine degrease and wash (Recorded on 2026-02-25)
1720,Nike Marathon Running Shoes,Shopping,9401.77,2026-02-25,false,Long distance training air zoom cushion sneakers (Recorded on 2026-02-25)
1721,Starbucks Latte & Croissant,Food,806.13,2026-02-25,false,Meeting client over coffee & cookies (Recorded on 2026-02-25)
1722,Zara Linen Summer Collection,Shopping,5504.63,2026-02-25,false,Breathable cotton casual button-up shirts (Recorded on 2026-02-25)
1723,Blinkit Quick Delivery,Food,206.26,2026-02-26,false,Midnight craving snacks; chocolate and ice cream (Recorded on 2026-02-26)
1724,Express International Courier,Other,882.48,2026-02-26,true,Expedited legal document international courier parcel (Recorded on 2026-02-26)
1725,Shell Petrol Station Fuel,Transport,4709.00,2026-02-26,true,Full tank unleaded petrol for vehicle (Recorded on 2026-02-26)
1726,Electricity Power Utility,Bills,2959.39,2026-02-27,true,Monthly household air conditioning electricity bill (Recorded on 2026-02-27)
1727,Friend Wedding / Birthday Gift,Other,6537.27,2026-02-27,false,Custom engraved stainless steel wristwatch with box (Recorded on 2026-02-27)
1728,Deep Home Sanitization Service,Other,2933.75,2026-02-28,true,Quarterly professional deep house cleaning and scrub (Recorded on 2026-02-28)
1729,Charity Foundation Contribution,Other,2640.61,2026-02-28,false,Monthly child education and midday meal sponsorship (Recorded on 2026-02-28)
1730,Uber Premier Commute,Transport,682.48,2026-02-28,false,Airport ride terminal 2 business flight (Recorded on 2026-02-28)
1731,Society Apartment Maintenance,Bills,4645.86,2026-02-28,true,Monthly housing security; backup generator & lift fee (Recorded on 2026-02-28)
1732,PVR IMAX 3D Recliner Tickets,Fun,1058.78,2026-02-28,false,Sci-fi movie premiere with large cheese popcorn (Recorded on 2026-02-28)
1733,Local Fruit Stall,Food,214.69,2026-02-28,true,Fresh seasonal Alphonso mangoes and apples (Recorded on 2026-02-28)
1734,Mobile 5G Postpaid Plan,Bills,1259.19,2026-03-01,true,Unlimited 5G corporate postpaid phone plan (Recorded on 2026-03-01)
1735,Whole Foods Grocery,Food,2575.96,2026-03-01,true,Weekly fresh vegetables; organic fruits and dairy (Recorded on 2026-03-01)
1736,Apple Store MagSafe Battery,Shopping,9468.76,2026-03-02,false,Official magnetic fast wireless battery pack (Recorded on 2026-03-02)
1737,Nike Marathon Running Shoes,Shopping,10993.68,2026-03-02,false,Long distance training air zoom cushion sneakers (Recorded on 2026-03-02)
1738,Apollo Pharmacy Prescription,Health,575.72,2026-03-02,true,Prescription medication; vitamin D3 & omega-3 (Recorded on 2026-03-02)
1739,Cult.fit Fitness Gym Pass,Health,8987.65,2026-03-03,true,Quarterly fitness center gym and yoga pass (Recorded on 2026-03-03)
1740,Automobile Ceramic Detailing,Transport,3139.61,2026-03-03,false,Full interior vacuum; engine degrease and wash (Recorded on 2026-03-03)
1741,Expressway FASTag Toll,Transport,482.49,2026-03-03,true,State expressway toll automated electronic debit (Recorded on 2026-03-03)
1742,Expressway FASTag Toll,Transport,397.53,2026-03-03,true,State expressway toll automated electronic debit (Recorded on 2026-03-03)
1743,Board Game Pub & Cafe,Fun,890.41,2026-03-04,false,Strategy game night craft beers and nacho platters (Recorded on 2026-03-04)
1744,Whole Foods Grocery,Food,3085.51,2026-03-04,true,Weekly fresh vegetables; organic fruits and dairy (Recorded on 2026-03-04)
1745,IRCTC Executive Train Ticket,Transport,1999.91,2026-03-04,true,Intercity executive AC chair car reservation (Recorded on 2026-03-04)
1746,Municipal Water Authority,Bills,654.42,2026-03-04,true,Quarterly residential piped water supply charges (Recorded on 2026-03-04)
1747,Cult.fit Fitness Gym Pass,Health,7126.96,2026-03-04,true,Quarterly fitness center gym and yoga pass (Recorded on 2026-03-04)
1748,Dental Scaling & Oral Checkup,Health,1998.58,2026-03-05,true,Bi-annual preventive dental cleaning and exam (Recorded on 2026-03-05)
1749,Friend Wedding / Birthday Gift,Other,6145.92,2026-03-05,false,Custom engraved stainless steel wristwatch with box (Recorded on 2026-03-05)
1750,Charity Foundation Contribution,Other,4231.92,2026-03-05,false,Monthly child education and midday meal sponsorship (Recorded on 2026-03-05)
1751,Board Game Pub & Cafe,Fun,984.06,2026-03-05,false,Strategy game night craft beers and nacho platters (Recorded on 2026-03-05)
1752,PVR IMAX 3D Recliner Tickets,Fun,965.49,2026-03-05,false,Sci-fi movie premiere with large cheese popcorn (Recorded on 2026-03-05)
1753,Dry Cleaning & Garment Care,Other,1484.96,2026-03-05,true,Winter wool coats; formal suits and blazers clean (Recorded on 2026-03-05)
1754,Language Mastery Application,Learn,2044.49,2026-03-06,false,Annual conversational language learning subscription (Recorded on 2026-03-06)
1755,Physiotherapy Posture Rehab,Health,1364.23,2026-03-06,true,Spine and cervical posture rehab therapy session (Recorded on 2026-03-06)
1756,PVR IMAX 3D Recliner Tickets,Fun,1696.87,2026-03-06,false,Sci-fi movie premiere with large cheese popcorn (Recorded on 2026-03-06)
1757,iCloud / Google Cloud Storage,Bills,650.00,2026-03-07,true,2TB unified encrypted cloud backup subscription (Recorded on 2026-03-07)
1758,Expressway FASTag Toll,Transport,380.17,2026-03-07,true,State expressway toll automated electronic debit (Recorded on 2026-03-07)
1759,Apollo Pharmacy Prescription,Health,603.68,2026-03-07,true,Prescription medication; vitamin D3 & omega-3 (Recorded on 2026-03-07)
1760,Cult.fit Fitness Gym Pass,Health,6480.25,2026-03-07,true,Quarterly fitness center gym and yoga pass (Recorded on 2026-03-07)
1761,Starbucks Latte & Croissant,Food,447.01,2026-03-08,false,Meeting client over coffee & cookies (Recorded on 2026-03-08)
1762,Optometry Eye Checkup & Frames,Health,4364.34,2026-03-08,true,Blue-light blocking high-index prescription lenses (Recorded on 2026-03-08)
1763,Dry Cleaning & Garment Care,Other,1374.78,2026-03-08,true,Winter wool coats; formal suits and blazers clean (Recorded on 2026-03-08)
1764,Deep Home Sanitization Service,Other,3754.40,2026-03-08,true,Quarterly professional deep house cleaning and scrub (Recorded on 2026-03-08)
1765,Diagnostic Comprehensive Blood Panel,Health,4003.17,2026-03-08,true,Full body health checkup; liver and lipid profile (Recorded on 2026-03-08)
1766,Kindle Technical E-Books,Learn,1076.33,2026-03-08,true,Software engineering architecture & financial books (Recorded on 2026-03-08)
1767,Physiotherapy Posture Rehab,Health,1175.12,2026-03-09,true,Spine and cervical posture rehab therapy session (Recorded on 2026-03-09)
1768,Concert Live Music Festival,Fun,6927.47,2026-03-09,false,Weekend rock concert arena general admission pass (Recorded on 2026-03-09)
1769,Apollo Pharmacy Prescription,Health,1758.98,2026-03-09,true,Prescription medication; vitamin D3 & omega-3 (Recorded on 2026-03-09)
1770,iCloud / Google Cloud Storage,Bills,650.00,2026-03-09,true,2TB unified encrypted cloud backup subscription (Recorded on 2026-03-09)
1771,Diagnostic Comprehensive Blood Panel,Health,3640.97,2026-03-10,true,Full body health checkup; liver and lipid profile (Recorded on 2026-03-10)
1772,Uniqlo Airism Essentials,Shopping,2593.08,2026-03-10,true,Innerwear; cooling undershirts and crew socks (Recorded on 2026-03-10)
1773,Expressway FASTag Toll,Transport,623.16,2026-03-11,true,State expressway toll automated electronic debit (Recorded on 2026-03-11)
1774,Optometry Eye Checkup & Frames,Health,2529.68,2026-03-11,true,Blue-light blocking high-index prescription lenses (Recorded on 2026-03-11)
1775,Kindle Technical E-Books,Learn,822.79,2026-03-11,true,Software engineering architecture & financial books (Recorded on 2026-03-11)
1776,Diagnostic Comprehensive Blood Panel,Health,4107.75,2026-03-12,true,Full body health checkup; liver and lipid profile (Recorded on 2026-03-12)
1777,Airtel 5G Fiber Broadband,Bills,1261.55,2026-03-12,true,1 Gbps symmetrical unlimited high-speed fiber plan (Recorded on 2026-03-12)
1778,Amazon Tech Essentials,Shopping,1760.07,2026-03-12,true,USB-C multi-port hub; braided cables & adapter (Recorded on 2026-03-12)
1779,PVR IMAX 3D Recliner Tickets,Fun,1421.28,2026-03-13,false,Sci-fi movie premiere with large cheese popcorn (Recorded on 2026-03-13)
1780,Fine Dining Restaurant,Food,8882.21,2026-03-13,false,Special anniversary dinner buffet (Recorded on 2026-03-13)
1781,PlayStation Store RPG Purchase,Fun,4846.27,2026-03-14,false,Digital deluxe collector edition open world game (Recorded on 2026-03-14)
1782,iCloud / Google Cloud Storage,Bills,650.00,2026-03-14,true,2TB unified encrypted cloud backup subscription (Recorded on 2026-03-14)
1783,Dental Scaling & Oral Checkup,Health,2200.33,2026-03-14,true,Bi-annual preventive dental cleaning and exam (Recorded on 2026-03-14)
1784,Zara Linen Summer Collection,Shopping,4970.91,2026-03-15,false,Breathable cotton casual button-up shirts (Recorded on 2026-03-15)
1785,Charity Foundation Contribution,Other,3854.71,2026-03-15,false,Monthly child education and midday meal sponsorship (Recorded on 2026-03-15)
1786,Uber Premier Commute,Transport,745.43,2026-03-16,false,Airport ride terminal 2 business flight (Recorded on 2026-03-16)
1787,Bakery Artisanal Bread & Pastry,Food,459.00,2026-03-16,true,Morning bakery supplies and sourdough loaf (Recorded on 2026-03-16)
1788,Diagnostic Comprehensive Blood Panel,Health,4245.13,2026-03-16,true,Full body health checkup; liver and lipid profile (Recorded on 2026-03-16)
1789,Expressway FASTag Toll,Transport,213.49,2026-03-16,true,State expressway toll automated electronic debit (Recorded on 2026-03-16)
1790,LPG Cooking Gas Cylinder Refill,Bills,939.21,2026-03-16,true,Indane domestic LPG home delivery (Recorded on 2026-03-16)
1791,Dental Scaling & Oral Checkup,Health,1450.31,2026-03-16,true,Bi-annual preventive dental cleaning and exam (Recorded on 2026-03-16)
1792,Diagnostic Comprehensive Blood Panel,Health,3743.59,2026-03-17,true,Full body health checkup; liver and lipid profile (Recorded on 2026-03-17)
1793,Airtel 5G Fiber Broadband,Bills,1077.75,2026-03-17,true,1 Gbps symmetrical unlimited high-speed fiber plan (Recorded on 2026-03-17)
1794,Uber Premier Commute,Transport,1360.38,2026-03-17,false,Airport ride terminal 2 business flight (Recorded on 2026-03-17)
1795,Auto Rickshaw Meter Fare,Transport,125.10,2026-03-17,true,Local city transit to metro station (Recorded on 2026-03-17)
1796,Cult.fit Fitness Gym Pass,Health,5207.78,2026-03-18,true,Quarterly fitness center gym and yoga pass (Recorded on 2026-03-18)
1797,Society Apartment Maintenance,Bills,3763.10,2026-03-18,true,Monthly housing security; backup generator & lift fee (Recorded on 2026-03-18)
1798,Expressway FASTag Toll,Transport,567.96,2026-03-18,true,State expressway toll automated electronic debit (Recorded on 2026-03-18)
1799,Physiotherapy Posture Rehab,Health,1110.55,2026-03-18,true,Spine and cervical posture rehab therapy session (Recorded on 2026-03-18)
1800,Amazon Tech Essentials,Shopping,1982.16,2026-03-18,true,USB-C multi-port hub; braided cables & adapter (Recorded on 2026-03-18)
1801,Whole Foods Grocery,Food,2465.88,2026-03-18,true,Weekly fresh vegetables; organic fruits and dairy (Recorded on 2026-03-18)
1802,Language Mastery Application,Learn,2177.98,2026-03-19,false,Annual conversational language learning subscription (Recorded on 2026-03-19)
1803,Friend Wedding / Birthday Gift,Other,4278.12,2026-03-19,false,Custom engraved stainless steel wristwatch with box (Recorded on 2026-03-19)
1804,Board Game Pub & Cafe,Fun,1522.16,2026-03-20,false,Strategy game night craft beers and nacho platters (Recorded on 2026-03-20)
1805,IRCTC Executive Train Ticket,Transport,1773.29,2026-03-20,true,Intercity executive AC chair car reservation (Recorded on 2026-03-20)
1806,IRCTC Executive Train Ticket,Transport,1091.03,2026-03-20,true,Intercity executive AC chair car reservation (Recorded on 2026-03-20)
1807,LPG Cooking Gas Cylinder Refill,Bills,914.44,2026-03-20,true,Indane domestic LPG home delivery (Recorded on 2026-03-20)
1808,Deep Home Sanitization Service,Other,4394.90,2026-03-21,true,Quarterly professional deep house cleaning and scrub (Recorded on 2026-03-21)
1809,Neighborhood Hardware Store,Shopping,1111.35,2026-03-21,true,Stainless screws; drywall anchors; drill accessories (Recorded on 2026-03-21)
1810,Mobile 5G Postpaid Plan,Bills,995.04,2026-03-21,true,Unlimited 5G corporate postpaid phone plan (Recorded on 2026-03-21)
1811,Cult.fit Fitness Gym Pass,Health,6766.42,2026-03-21,true,Quarterly fitness center gym and yoga pass (Recorded on 2026-03-21)
1812,Whole Foods Grocery,Food,2768.60,2026-03-21,true,Weekly fresh vegetables; organic fruits and dairy (Recorded on 2026-03-21)
1813,Charity Foundation Contribution,Other,4383.07,2026-03-22,false,Monthly child education and midday meal sponsorship (Recorded on 2026-03-22)
1814,iCloud / Google Cloud Storage,Bills,650.00,2026-03-22,true,2TB unified encrypted cloud backup subscription (Recorded on 2026-03-22)
1815,Physiotherapy Posture Rehab,Health,1202.27,2026-03-22,true,Spine and cervical posture rehab therapy session (Recorded on 2026-03-22)
1816,Automobile Ceramic Detailing,Transport,3080.37,2026-03-22,false,Full interior vacuum; engine degrease and wash (Recorded on 2026-03-22)
1817,Physiotherapy Posture Rehab,Health,1254.62,2026-03-23,true,Spine and cervical posture rehab therapy session (Recorded on 2026-03-23)
1818,Society Apartment Maintenance,Bills,4260.24,2026-03-23,true,Monthly housing security; backup generator & lift fee (Recorded on 2026-03-23)
1819,Udemy Masterclass Bootcamp,Learn,1195.70,2026-03-24,true,Full-stack distributed cloud architecture video course (Recorded on 2026-03-24)
1820,Nike Marathon Running Shoes,Shopping,8069.53,2026-03-24,false,Long distance training air zoom cushion sneakers (Recorded on 2026-03-24)
1821,Dental Scaling & Oral Checkup,Health,2258.09,2026-03-24,true,Bi-annual preventive dental cleaning and exam (Recorded on 2026-03-24)
1822,Language Mastery Application,Learn,2566.21,2026-03-24,false,Annual conversational language learning subscription (Recorded on 2026-03-24)
1823,Physiotherapy Posture Rehab,Health,1285.89,2026-03-24,true,Spine and cervical posture rehab therapy session (Recorded on 2026-03-24)
1824,Apple Store MagSafe Battery,Shopping,10239.21,2026-03-24,false,Official magnetic fast wireless battery pack (Recorded on 2026-03-24)
1825,Dry Cleaning & Garment Care,Other,1310.60,2026-03-25,true,Winter wool coats; formal suits and blazers clean (Recorded on 2026-03-25)
1826,Express International Courier,Other,821.82,2026-03-25,true,Expedited legal document international courier parcel (Recorded on 2026-03-25)
1827,Deep Home Sanitization Service,Other,3116.07,2026-03-25,true,Quarterly professional deep house cleaning and scrub (Recorded on 2026-03-25)
1828,Kindle Technical E-Books,Learn,898.69,2026-03-25,true,Software engineering architecture & financial books (Recorded on 2026-03-25)
1829,Coursera AI Specialization,Learn,4493.30,2026-03-25,true,Machine learning and deep neural networks lab (Recorded on 2026-03-25)
1830,Whole Foods Grocery,Food,1918.12,2026-03-25,true,Weekly fresh vegetables; organic fruits and dairy (Recorded on 2026-03-25)
1831,Starbucks Latte & Croissant,Food,680.44,2026-03-26,false,Meeting client over coffee & cookies (Recorded on 2026-03-26)
1832,Friend Wedding / Birthday Gift,Other,3957.52,2026-03-26,false,Custom engraved stainless steel wristwatch with box (Recorded on 2026-03-26)
1833,Deep Home Sanitization Service,Other,2911.32,2026-03-26,true,Quarterly professional deep house cleaning and scrub (Recorded on 2026-03-26)
1834,Society Apartment Maintenance,Bills,5027.00,2026-03-27,true,Monthly housing security; backup generator & lift fee (Recorded on 2026-03-27)
1835,Municipal Water Authority,Bills,708.90,2026-03-27,true,Quarterly residential piped water supply charges (Recorded on 2026-03-27)
1836,Apollo Pharmacy Prescription,Health,1236.68,2026-03-27,true,Prescription medication; vitamin D3 & omega-3 (Recorded on 2026-03-27)
1837,Udemy Masterclass Bootcamp,Learn,1381.00,2026-03-27,true,Full-stack distributed cloud architecture video course (Recorded on 2026-03-27)
1838,Physiotherapy Posture Rehab,Health,1477.53,2026-03-28,true,Spine and cervical posture rehab therapy session (Recorded on 2026-03-28)
1839,Chai & Samosa Corner,Food,130.28,2026-03-28,true,Evening masala tea with team members (Recorded on 2026-03-28)
1840,Expressway FASTag Toll,Transport,719.41,2026-03-29,true,State expressway toll automated electronic debit (Recorded on 2026-03-29)
1841,Go-Karting Speedway Grand Prix,Fun,2904.44,2026-03-29,false,Weekend competitive racing sessions with group (Recorded on 2026-03-29)
1842,Coursera AI Specialization,Learn,4710.77,2026-03-29,true,Machine learning and deep neural networks lab (Recorded on 2026-03-29)
1843,Language Mastery Application,Learn,2434.19,2026-03-29,false,Annual conversational language learning subscription (Recorded on 2026-03-29)
1844,Nike Marathon Running Shoes,Shopping,6111.55,2026-03-30,false,Long distance training air zoom cushion sneakers (Recorded on 2026-03-30)
1845,Coursera AI Specialization,Learn,4838.96,2026-03-30,true,Machine learning and deep neural networks lab (Recorded on 2026-03-30)
1846,IKEA Modular Desk Organizers,Shopping,7484.73,2026-03-30,false,Desk cable management units; drawer trays & LED (Recorded on 2026-03-30)
1847,Amazon Tech Essentials,Shopping,1064.09,2026-03-31,true,USB-C multi-port hub; braided cables & adapter (Recorded on 2026-03-31)
1848,Starbucks Latte & Croissant,Food,710.67,2026-03-31,false,Meeting client over coffee & cookies (Recorded on 2026-03-31)
1849,Charity Foundation Contribution,Other,4899.90,2026-03-31,false,Monthly child education and midday meal sponsorship (Recorded on 2026-03-31)
1850,Shell Petrol Station Fuel,Transport,3977.16,2026-04-01,true,Full tank unleaded petrol for vehicle (Recorded on 2026-04-01)
1851,Language Mastery Application,Learn,2892.58,2026-04-01,false,Annual conversational language learning subscription (Recorded on 2026-04-01)
1852,Tech Conference Full Pass,Learn,5398.99,2026-04-01,true,Annual developer engineering summit registration (Recorded on 2026-04-01)
1853,Tech Conference Full Pass,Learn,8600.36,2026-04-02,true,Annual developer engineering summit registration (Recorded on 2026-04-02)
1854,Coursera AI Specialization,Learn,4224.74,2026-04-02,true,Machine learning and deep neural networks lab (Recorded on 2026-04-02)
1855,Tech Conference Full Pass,Learn,4537.15,2026-04-02,true,Annual developer engineering summit registration (Recorded on 2026-04-02)
1856,Deep Home Sanitization Service,Other,3924.26,2026-04-02,true,Quarterly professional deep house cleaning and scrub (Recorded on 2026-04-02)
1857,Municipal Water Authority,Bills,813.28,2026-04-02,true,Quarterly residential piped water supply charges (Recorded on 2026-04-02)
1858,Apollo Pharmacy Prescription,Health,1770.62,2026-04-02,true,Prescription medication; vitamin D3 & omega-3 (Recorded on 2026-04-02)
1859,Express International Courier,Other,446.19,2026-04-03,true,Expedited legal document international courier parcel (Recorded on 2026-04-03)
1860,Dry Cleaning & Garment Care,Other,770.50,2026-04-03,true,Winter wool coats; formal suits and blazers clean (Recorded on 2026-04-03)
1861,Municipal Water Authority,Bills,608.47,2026-04-03,true,Quarterly residential piped water supply charges (Recorded on 2026-04-03)
1862,Auto Rickshaw Meter Fare,Transport,116.69,2026-04-03,true,Local city transit to metro station (Recorded on 2026-04-03)
1863,Expressway FASTag Toll,Transport,567.82,2026-04-03,true,State expressway toll automated electronic debit (Recorded on 2026-04-03)
1864,Physiotherapy Posture Rehab,Health,1344.97,2026-04-03,true,Spine and cervical posture rehab therapy session (Recorded on 2026-04-03)
1865,Friend Wedding / Birthday Gift,Other,7030.28,2026-04-04,false,Custom engraved stainless steel wristwatch with box (Recorded on 2026-04-04)
1866,Diagnostic Comprehensive Blood Panel,Health,3011.70,2026-04-04,true,Full body health checkup; liver and lipid profile (Recorded on 2026-04-04)
1867,Mobile 5G Postpaid Plan,Bills,882.75,2026-04-04,true,Unlimited 5G corporate postpaid phone plan (Recorded on 2026-04-04)
1868,LPG Cooking Gas Cylinder Refill,Bills,928.50,2026-04-04,true,Indane domestic LPG home delivery (Recorded on 2026-04-04)
1869,Electricity Power Utility,Bills,3539.62,2026-04-04,true,Monthly household air conditioning electricity bill (Recorded on 2026-04-04)
1870,Uniqlo Airism Essentials,Shopping,1318.73,2026-04-05,true,Innerwear; cooling undershirts and crew socks (Recorded on 2026-04-05)
1871,iCloud / Google Cloud Storage,Bills,650.00,2026-04-05,true,2TB unified encrypted cloud backup subscription (Recorded on 2026-04-05)
1872,Zomato Weekend Dinner,Food,1575.62,2026-04-05,false,Family gourmet pizza and pasta treat (Recorded on 2026-04-05)
1873,Uniqlo Airism Essentials,Shopping,1376.78,2026-04-05,true,Innerwear; cooling undershirts and crew socks (Recorded on 2026-04-05)
1874,Mobile 5G Postpaid Plan,Bills,865.27,2026-04-05,true,Unlimited 5G corporate postpaid phone plan (Recorded on 2026-04-05)
1875,Mobile 5G Postpaid Plan,Bills,1227.93,2026-04-05,true,Unlimited 5G corporate postpaid phone plan (Recorded on 2026-04-05)
1876,Shell Petrol Station Fuel,Transport,4593.30,2026-04-06,true,Full tank unleaded petrol for vehicle (Recorded on 2026-04-06)
1877,Apple Store MagSafe Battery,Shopping,9793.31,2026-04-06,false,Official magnetic fast wireless battery pack (Recorded on 2026-04-06)
1878,iCloud / Google Cloud Storage,Bills,650.00,2026-04-07,true,2TB unified encrypted cloud backup subscription (Recorded on 2026-04-07)
1879,Go-Karting Speedway Grand Prix,Fun,1861.62,2026-04-07,false,Weekend competitive racing sessions with group (Recorded on 2026-04-07)
1880,Local Fruit Stall,Food,593.63,2026-04-07,true,Fresh seasonal Alphonso mangoes and apples (Recorded on 2026-04-07)
1881,Neighborhood Hardware Store,Shopping,771.56,2026-04-08,true,Stainless screws; drywall anchors; drill accessories (Recorded on 2026-04-08)
1882,Language Mastery Application,Learn,2236.95,2026-04-08,false,Annual conversational language learning subscription (Recorded on 2026-04-08)
1883,Deep Home Sanitization Service,Other,2921.71,2026-04-08,true,Quarterly professional deep house cleaning and scrub (Recorded on 2026-04-08)
1884,Zomato Weekend Dinner,Food,2008.77,2026-04-09,false,Family gourmet pizza and pasta treat (Recorded on 2026-04-09)
1885,Uber Premier Commute,Transport,609.22,2026-04-09,false,Airport ride terminal 2 business flight (Recorded on 2026-04-09)
1886,Language Mastery Application,Learn,2300.37,2026-04-09,false,Annual conversational language learning subscription (Recorded on 2026-04-09)
1887,Go-Karting Speedway Grand Prix,Fun,2867.02,2026-04-09,false,Weekend competitive racing sessions with group (Recorded on 2026-04-09)
1888,Express International Courier,Other,473.38,2026-04-10,true,Expedited legal document international courier parcel (Recorded on 2026-04-10)
1889,Kindle Technical E-Books,Learn,666.59,2026-04-10,true,Software engineering architecture & financial books (Recorded on 2026-04-10)
1890,Charity Foundation Contribution,Other,3713.97,2026-04-10,false,Monthly child education and midday meal sponsorship (Recorded on 2026-04-10)
1891,Whole Foods Grocery,Food,4228.45,2026-04-10,true,Weekly fresh vegetables; organic fruits and dairy (Recorded on 2026-04-10)
1892,Diagnostic Comprehensive Blood Panel,Health,3604.12,2026-04-10,true,Full body health checkup; liver and lipid profile (Recorded on 2026-04-10)
1893,Cult.fit Fitness Gym Pass,Health,5835.44,2026-04-11,true,Quarterly fitness center gym and yoga pass (Recorded on 2026-04-11)
1894,Expressway FASTag Toll,Transport,592.61,2026-04-11,true,State expressway toll automated electronic debit (Recorded on 2026-04-11)
1895,Language Mastery Application,Learn,2772.15,2026-04-11,false,Annual conversational language learning subscription (Recorded on 2026-04-11)
1896,Board Game Pub & Cafe,Fun,1422.67,2026-04-11,false,Strategy game night craft beers and nacho platters (Recorded on 2026-04-11)
1897,Optometry Eye Checkup & Frames,Health,5230.14,2026-04-12,true,Blue-light blocking high-index prescription lenses (Recorded on 2026-04-12)
1898,IKEA Modular Desk Organizers,Shopping,4785.22,2026-04-12,false,Desk cable management units; drawer trays & LED (Recorded on 2026-04-12)
1899,Whole Foods Grocery,Food,1239.47,2026-04-12,true,Weekly fresh vegetables; organic fruits and dairy (Recorded on 2026-04-12)
1900,IRCTC Executive Train Ticket,Transport,1459.70,2026-04-13,true,Intercity executive AC chair car reservation (Recorded on 2026-04-13)
1901,Mobile 5G Postpaid Plan,Bills,895.54,2026-04-13,true,Unlimited 5G corporate postpaid phone plan (Recorded on 2026-04-13)
1902,Uber Premier Commute,Transport,1341.58,2026-04-14,false,Airport ride terminal 2 business flight (Recorded on 2026-04-14)
1903,Concert Live Music Festival,Fun,6690.41,2026-04-14,false,Weekend rock concert arena general admission pass (Recorded on 2026-04-14)
1904,Shell Petrol Station Fuel,Transport,3364.70,2026-04-15,true,Full tank unleaded petrol for vehicle (Recorded on 2026-04-15)
1905,Amazon Tech Essentials,Shopping,2499.70,2026-04-15,true,USB-C multi-port hub; braided cables & adapter (Recorded on 2026-04-15)
1906,Municipal Water Authority,Bills,680.24,2026-04-16,true,Quarterly residential piped water supply charges (Recorded on 2026-04-16)
1907,IRCTC Executive Train Ticket,Transport,2287.91,2026-04-16,true,Intercity executive AC chair car reservation (Recorded on 2026-04-16)
1908,iCloud / Google Cloud Storage,Bills,650.00,2026-04-16,true,2TB unified encrypted cloud backup subscription (Recorded on 2026-04-16)
1909,Coursera AI Specialization,Learn,4256.34,2026-04-16,true,Machine learning and deep neural networks lab (Recorded on 2026-04-16)
1910,iCloud / Google Cloud Storage,Bills,650.00,2026-04-17,true,2TB unified encrypted cloud backup subscription (Recorded on 2026-04-17)
1911,Blinkit Quick Delivery,Food,228.81,2026-04-17,false,Midnight craving snacks; chocolate and ice cream (Recorded on 2026-04-17)
1912,iCloud / Google Cloud Storage,Bills,650.00,2026-04-18,true,2TB unified encrypted cloud backup subscription (Recorded on 2026-04-18)
1913,Airtel 5G Fiber Broadband,Bills,1219.29,2026-04-18,true,1 Gbps symmetrical unlimited high-speed fiber plan (Recorded on 2026-04-18)
1914,Concert Live Music Festival,Fun,5463.17,2026-04-19,false,Weekend rock concert arena general admission pass (Recorded on 2026-04-19)
1915,Dry Cleaning & Garment Care,Other,772.65,2026-04-19,true,Winter wool coats; formal suits and blazers clean (Recorded on 2026-04-19)
1916,Udemy Masterclass Bootcamp,Learn,1190.17,2026-04-19,true,Full-stack distributed cloud architecture video course (Recorded on 2026-04-19)
1917,IRCTC Executive Train Ticket,Transport,1987.33,2026-04-19,true,Intercity executive AC chair car reservation (Recorded on 2026-04-19)
1918,Uber Premier Commute,Transport,519.27,2026-04-19,false,Airport ride terminal 2 business flight (Recorded on 2026-04-19)
1919,iCloud / Google Cloud Storage,Bills,650.00,2026-04-20,true,2TB unified encrypted cloud backup subscription (Recorded on 2026-04-20)
1920,Dry Cleaning & Garment Care,Other,1675.81,2026-04-20,true,Winter wool coats; formal suits and blazers clean (Recorded on 2026-04-20)
1921,Apple Store MagSafe Battery,Shopping,10180.67,2026-04-20,false,Official magnetic fast wireless battery pack (Recorded on 2026-04-20)
1922,Blinkit Quick Delivery,Food,194.60,2026-04-20,false,Midnight craving snacks; chocolate and ice cream (Recorded on 2026-04-20)
1923,Diagnostic Comprehensive Blood Panel,Health,3521.67,2026-04-20,true,Full body health checkup; liver and lipid profile (Recorded on 2026-04-20)
1924,Charity Foundation Contribution,Other,2744.23,2026-04-20,false,Monthly child education and midday meal sponsorship (Recorded on 2026-04-20)
1925,PVR IMAX 3D Recliner Tickets,Fun,1338.19,2026-04-21,false,Sci-fi movie premiere with large cheese popcorn (Recorded on 2026-04-21)
1926,Dry Cleaning & Garment Care,Other,1280.69,2026-04-21,true,Winter wool coats; formal suits and blazers clean (Recorded on 2026-04-21)
1927,Optometry Eye Checkup & Frames,Health,3641.60,2026-04-22,true,Blue-light blocking high-index prescription lenses (Recorded on 2026-04-22)
1928,Whole Foods Grocery,Food,2405.67,2026-04-22,true,Weekly fresh vegetables; organic fruits and dairy (Recorded on 2026-04-22)
1929,Apollo Pharmacy Prescription,Health,1585.60,2026-04-22,true,Prescription medication; vitamin D3 & omega-3 (Recorded on 2026-04-22)
1930,LPG Cooking Gas Cylinder Refill,Bills,870.31,2026-04-22,true,Indane domestic LPG home delivery (Recorded on 2026-04-22)
1931,Blinkit Quick Delivery,Food,305.01,2026-04-23,false,Midnight craving snacks; chocolate and ice cream (Recorded on 2026-04-23)
1932,LPG Cooking Gas Cylinder Refill,Bills,889.01,2026-04-23,true,Indane domestic LPG home delivery (Recorded on 2026-04-23)
1933,City Mall Parking Fee,Transport,197.30,2026-04-23,false,Multi-level basement underground parking validation (Recorded on 2026-04-23)
1934,Deep Home Sanitization Service,Other,2779.89,2026-04-23,true,Quarterly professional deep house cleaning and scrub (Recorded on 2026-04-23)
1935,PVR IMAX 3D Recliner Tickets,Fun,1807.63,2026-04-23,false,Sci-fi movie premiere with large cheese popcorn (Recorded on 2026-04-23)
1936,Go-Karting Speedway Grand Prix,Fun,2277.54,2026-04-23,false,Weekend competitive racing sessions with group (Recorded on 2026-04-23)
1937,Municipal Water Authority,Bills,616.97,2026-04-24,true,Quarterly residential piped water supply charges (Recorded on 2026-04-24)
1938,Dry Cleaning & Garment Care,Other,644.45,2026-04-24,true,Winter wool coats; formal suits and blazers clean (Recorded on 2026-04-24)
1939,Local Fruit Stall,Food,515.11,2026-04-24,true,Fresh seasonal Alphonso mangoes and apples (Recorded on 2026-04-24)
1940,Blinkit Quick Delivery,Food,153.09,2026-04-24,false,Midnight craving snacks; chocolate and ice cream (Recorded on 2026-04-24)
1941,Friend Wedding / Birthday Gift,Other,3244.77,2026-04-24,false,Custom engraved stainless steel wristwatch with box (Recorded on 2026-04-24)
1942,PVR IMAX 3D Recliner Tickets,Fun,851.63,2026-04-24,false,Sci-fi movie premiere with large cheese popcorn (Recorded on 2026-04-24)
1943,Dry Cleaning & Garment Care,Other,1165.46,2026-04-25,true,Winter wool coats; formal suits and blazers clean (Recorded on 2026-04-25)
1944,Supermarket Staples,Food,5305.19,2026-04-25,true,Monthly pulses; basmati grains; spices and olive oil (Recorded on 2026-04-25)
1945,Amazon Tech Essentials,Shopping,1295.34,2026-04-25,true,USB-C multi-port hub; braided cables & adapter (Recorded on 2026-04-25)
1946,iCloud / Google Cloud Storage,Bills,650.00,2026-04-26,true,2TB unified encrypted cloud backup subscription (Recorded on 2026-04-26)
1947,IRCTC Executive Train Ticket,Transport,1836.28,2026-04-26,true,Intercity executive AC chair car reservation (Recorded on 2026-04-26)
1948,Metro Smart Card Recharge,Transport,557.09,2026-04-27,true,Monthly unlimited metro transit card recharge (Recorded on 2026-04-27)
1949,PVR IMAX 3D Recliner Tickets,Fun,1926.23,2026-04-27,false,Sci-fi movie premiere with large cheese popcorn (Recorded on 2026-04-27)
1950,Coursera AI Specialization,Learn,4810.52,2026-04-27,true,Machine learning and deep neural networks lab (Recorded on 2026-04-27)
1951,Coursera AI Specialization,Learn,4119.80,2026-04-27,true,Machine learning and deep neural networks lab (Recorded on 2026-04-27)
1952,IKEA Modular Desk Organizers,Shopping,6518.40,2026-04-27,false,Desk cable management units; drawer trays & LED (Recorded on 2026-04-27)
1953,Spotify Premium Family Plan,Fun,1799.00,2026-04-27,false,Annual ad-free multi-user music streaming (Recorded on 2026-04-27)
1954,IKEA Modular Desk Organizers,Shopping,1878.39,2026-04-28,false,Desk cable management units; drawer trays & LED (Recorded on 2026-04-28)
1955,Airtel 5G Fiber Broadband,Bills,1377.78,2026-04-28,true,1 Gbps symmetrical unlimited high-speed fiber plan (Recorded on 2026-04-28)
1956,Physiotherapy Posture Rehab,Health,915.50,2026-04-29,true,Spine and cervical posture rehab therapy session (Recorded on 2026-04-29)
1957,Concert Live Music Festival,Fun,3703.49,2026-04-29,false,Weekend rock concert arena general admission pass (Recorded on 2026-04-29)
1958,Automobile Ceramic Detailing,Transport,2988.62,2026-04-29,false,Full interior vacuum; engine degrease and wash (Recorded on 2026-04-29)
1959,Dry Cleaning & Garment Care,Other,607.62,2026-04-30,true,Winter wool coats; formal suits and blazers clean (Recorded on 2026-04-30)
1960,Amazon Tech Essentials,Shopping,2525.21,2026-04-30,true,USB-C multi-port hub; braided cables & adapter (Recorded on 2026-04-30)
1961,Municipal Water Authority,Bills,696.75,2026-05-01,true,Quarterly residential piped water supply charges (Recorded on 2026-05-01)
1962,Deep Home Sanitization Service,Other,2912.32,2026-05-01,true,Quarterly professional deep house cleaning and scrub (Recorded on 2026-05-01)
1963,Society Apartment Maintenance,Bills,4235.96,2026-05-01,true,Monthly housing security; backup generator & lift fee (Recorded on 2026-05-01)
1964,Netflix 4K UltraHD Subscription,Fun,649.00,2026-05-01,false,Monthly family tier streaming account (Recorded on 2026-05-01)
1965,Bakery Artisanal Bread & Pastry,Food,237.60,2026-05-01,true,Morning bakery supplies and sourdough loaf (Recorded on 2026-05-01)
1966,Friend Wedding / Birthday Gift,Other,7251.49,2026-05-01,false,Custom engraved stainless steel wristwatch with box (Recorded on 2026-05-01)
1967,Diagnostic Comprehensive Blood Panel,Health,2210.51,2026-05-02,true,Full body health checkup; liver and lipid profile (Recorded on 2026-05-02)
1968,Netflix 4K UltraHD Subscription,Fun,649.00,2026-05-02,false,Monthly family tier streaming account (Recorded on 2026-05-02)
1969,Metro Smart Card Recharge,Transport,809.46,2026-05-02,true,Monthly unlimited metro transit card recharge (Recorded on 2026-05-02)
1970,Go-Karting Speedway Grand Prix,Fun,3040.66,2026-05-02,false,Weekend competitive racing sessions with group (Recorded on 2026-05-02)
1971,Electricity Power Utility,Bills,2058.64,2026-05-03,true,Monthly household air conditioning electricity bill (Recorded on 2026-05-03)
1972,Apple Store MagSafe Battery,Shopping,10587.56,2026-05-03,false,Official magnetic fast wireless battery pack (Recorded on 2026-05-03)
1973,Charity Foundation Contribution,Other,1705.30,2026-05-03,false,Monthly child education and midday meal sponsorship (Recorded on 2026-05-03)
1974,Local Fruit Stall,Food,314.03,2026-05-04,true,Fresh seasonal Alphonso mangoes and apples (Recorded on 2026-05-04)
1975,Coursera AI Specialization,Learn,4333.29,2026-05-04,true,Machine learning and deep neural networks lab (Recorded on 2026-05-04)
1976,Whole Foods Grocery,Food,3643.38,2026-05-05,true,Weekly fresh vegetables; organic fruits and dairy (Recorded on 2026-05-05)
1977,Zara Linen Summer Collection,Shopping,5196.32,2026-05-05,false,Breathable cotton casual button-up shirts (Recorded on 2026-05-05)
1978,Friend Wedding / Birthday Gift,Other,3080.33,2026-05-05,false,Custom engraved stainless steel wristwatch with box (Recorded on 2026-05-05)
1979,Board Game Pub & Cafe,Fun,1161.54,2026-05-05,false,Strategy game night craft beers and nacho platters (Recorded on 2026-05-05)
1980,Diagnostic Comprehensive Blood Panel,Health,2657.13,2026-05-05,true,Full body health checkup; liver and lipid profile (Recorded on 2026-05-05)
1981,Spotify Premium Family Plan,Fun,1799.00,2026-05-06,false,Annual ad-free multi-user music streaming (Recorded on 2026-05-06)
1982,City Mall Parking Fee,Transport,145.56,2026-05-06,false,Multi-level basement underground parking validation (Recorded on 2026-05-06)
1983,Board Game Pub & Cafe,Fun,1124.48,2026-05-06,false,Strategy game night craft beers and nacho platters (Recorded on 2026-05-06)
1984,Go-Karting Speedway Grand Prix,Fun,3282.73,2026-05-06,false,Weekend competitive racing sessions with group (Recorded on 2026-05-06)
1985,Friend Wedding / Birthday Gift,Other,4922.04,2026-05-07,false,Custom engraved stainless steel wristwatch with box (Recorded on 2026-05-07)
1986,Udemy Masterclass Bootcamp,Learn,871.93,2026-05-07,true,Full-stack distributed cloud architecture video course (Recorded on 2026-05-07)
1987,Deep Home Sanitization Service,Other,3274.66,2026-05-08,true,Quarterly professional deep house cleaning and scrub (Recorded on 2026-05-08)
1988,Nike Marathon Running Shoes,Shopping,10757.57,2026-05-08,false,Long distance training air zoom cushion sneakers (Recorded on 2026-05-08)
1989,Cult.fit Fitness Gym Pass,Health,5511.05,2026-05-08,true,Quarterly fitness center gym and yoga pass (Recorded on 2026-05-08)
1990,Amazon Tech Essentials,Shopping,2491.78,2026-05-08,true,USB-C multi-port hub; braided cables & adapter (Recorded on 2026-05-08)
1991,Zomato Weekend Dinner,Food,1018.40,2026-05-08,false,Family gourmet pizza and pasta treat (Recorded on 2026-05-08)
1992,Charity Foundation Contribution,Other,2672.90,2026-05-08,false,Monthly child education and midday meal sponsorship (Recorded on 2026-05-08)
1993,PlayStation Store RPG Purchase,Fun,4206.27,2026-05-09,false,Digital deluxe collector edition open world game (Recorded on 2026-05-09)
1994,Uniqlo Airism Essentials,Shopping,3431.31,2026-05-09,true,Innerwear; cooling undershirts and crew socks (Recorded on 2026-05-09)
1995,PVR IMAX 3D Recliner Tickets,Fun,1376.37,2026-05-09,false,Sci-fi movie premiere with large cheese popcorn (Recorded on 2026-05-09)
1996,Deep Home Sanitization Service,Other,3683.16,2026-05-09,true,Quarterly professional deep house cleaning and scrub (Recorded on 2026-05-09)
1997,Electricity Power Utility,Bills,3882.06,2026-05-10,true,Monthly household air conditioning electricity bill (Recorded on 2026-05-10)
1998,Netflix 4K UltraHD Subscription,Fun,649.00,2026-05-10,false,Monthly family tier streaming account (Recorded on 2026-05-10)
1999,Diagnostic Comprehensive Blood Panel,Health,3532.77,2026-05-10,true,Full body health checkup; liver and lipid profile (Recorded on 2026-05-10)
2000,Uniqlo Airism Essentials,Shopping,3265.98,2026-05-10,true,Innerwear; cooling undershirts and crew socks (Recorded on 2026-05-10)
2001,Kindle Technical E-Books,Learn,480.04,2026-05-10,true,Software engineering architecture & financial books (Recorded on 2026-05-10)
2002,Blinkit Quick Delivery,Food,268.71,2026-05-11,false,Midnight craving snacks; chocolate and ice cream (Recorded on 2026-05-11)
2003,Dry Cleaning & Garment Care,Other,1142.93,2026-05-11,true,Winter wool coats; formal suits and blazers clean (Recorded on 2026-05-11)
2004,PVR IMAX 3D Recliner Tickets,Fun,1581.88,2026-05-11,false,Sci-fi movie premiere with large cheese popcorn (Recorded on 2026-05-11)
2005,Blinkit Quick Delivery,Food,385.98,2026-05-11,false,Midnight craving snacks; chocolate and ice cream (Recorded on 2026-05-11)
2006,IKEA Modular Desk Organizers,Shopping,3274.04,2026-05-11,false,Desk cable management units; drawer trays & LED (Recorded on 2026-05-11)
2007,Fine Dining Restaurant,Food,7348.73,2026-05-12,false,Special anniversary dinner buffet (Recorded on 2026-05-12)
2008,Apple Store MagSafe Battery,Shopping,9818.57,2026-05-12,false,Official magnetic fast wireless battery pack (Recorded on 2026-05-12)
2009,Fine Dining Restaurant,Food,6014.44,2026-05-13,false,Special anniversary dinner buffet (Recorded on 2026-05-13)
2010,Neighborhood Hardware Store,Shopping,947.66,2026-05-13,true,Stainless screws; drywall anchors; drill accessories (Recorded on 2026-05-13)
2011,Neighborhood Hardware Store,Shopping,1090.82,2026-05-13,true,Stainless screws; drywall anchors; drill accessories (Recorded on 2026-05-13)
2012,Dry Cleaning & Garment Care,Other,1632.46,2026-05-13,true,Winter wool coats; formal suits and blazers clean (Recorded on 2026-05-13)
2013,Automobile Ceramic Detailing,Transport,3254.90,2026-05-13,false,Full interior vacuum; engine degrease and wash (Recorded on 2026-05-13)
2014,Physiotherapy Posture Rehab,Health,822.90,2026-05-13,true,Spine and cervical posture rehab therapy session (Recorded on 2026-05-13)
2015,LPG Cooking Gas Cylinder Refill,Bills,944.61,2026-05-14,true,Indane domestic LPG home delivery (Recorded on 2026-05-14)
2016,Spotify Premium Family Plan,Fun,1799.00,2026-05-14,false,Annual ad-free multi-user music streaming (Recorded on 2026-05-14)
2017,City Mall Parking Fee,Transport,247.15,2026-05-14,false,Multi-level basement underground parking validation (Recorded on 2026-05-14)
2018,Chai & Samosa Corner,Food,143.99,2026-05-14,true,Evening masala tea with team members (Recorded on 2026-05-14)
2019,Apollo Pharmacy Prescription,Health,599.80,2026-05-14,true,Prescription medication; vitamin D3 & omega-3 (Recorded on 2026-05-14)
2020,Friend Wedding / Birthday Gift,Other,2704.37,2026-05-15,false,Custom engraved stainless steel wristwatch with box (Recorded on 2026-05-15)
2021,Dental Scaling & Oral Checkup,Health,2042.62,2026-05-15,true,Bi-annual preventive dental cleaning and exam (Recorded on 2026-05-15)
2022,Auto Rickshaw Meter Fare,Transport,76.61,2026-05-15,true,Local city transit to metro station (Recorded on 2026-05-15)
2023,Dental Scaling & Oral Checkup,Health,1901.52,2026-05-15,true,Bi-annual preventive dental cleaning and exam (Recorded on 2026-05-15)
2024,Spotify Premium Family Plan,Fun,1799.00,2026-05-16,false,Annual ad-free multi-user music streaming (Recorded on 2026-05-16)
2025,PlayStation Store RPG Purchase,Fun,3704.42,2026-05-16,false,Digital deluxe collector edition open world game (Recorded on 2026-05-16)
2026,Society Apartment Maintenance,Bills,4764.52,2026-05-16,true,Monthly housing security; backup generator & lift fee (Recorded on 2026-05-16)
2027,Electricity Power Utility,Bills,1615.46,2026-05-16,true,Monthly household air conditioning electricity bill (Recorded on 2026-05-16)
2028,Diagnostic Comprehensive Blood Panel,Health,3318.32,2026-05-16,true,Full body health checkup; liver and lipid profile (Recorded on 2026-05-16)
2029,IRCTC Executive Train Ticket,Transport,1979.25,2026-05-17,true,Intercity executive AC chair car reservation (Recorded on 2026-05-17)
2030,Municipal Water Authority,Bills,660.48,2026-05-17,true,Quarterly residential piped water supply charges (Recorded on 2026-05-17)
2031,Auto Rickshaw Meter Fare,Transport,167.03,2026-05-17,true,Local city transit to metro station (Recorded on 2026-05-17)
2032,Dry Cleaning & Garment Care,Other,696.20,2026-05-17,true,Winter wool coats; formal suits and blazers clean (Recorded on 2026-05-17)
2033,IKEA Modular Desk Organizers,Shopping,7249.50,2026-05-17,false,Desk cable management units; drawer trays & LED (Recorded on 2026-05-17)
2034,Metro Smart Card Recharge,Transport,582.38,2026-05-17,true,Monthly unlimited metro transit card recharge (Recorded on 2026-05-17)
2035,Nike Marathon Running Shoes,Shopping,6202.98,2026-05-18,false,Long distance training air zoom cushion sneakers (Recorded on 2026-05-18)
2036,Concert Live Music Festival,Fun,8260.52,2026-05-18,false,Weekend rock concert arena general admission pass (Recorded on 2026-05-18)
2037,Municipal Water Authority,Bills,834.79,2026-05-19,true,Quarterly residential piped water supply charges (Recorded on 2026-05-19)
2038,Nike Marathon Running Shoes,Shopping,7772.60,2026-05-19,false,Long distance training air zoom cushion sneakers (Recorded on 2026-05-19)
2039,Zomato Weekend Dinner,Food,1102.50,2026-05-20,false,Family gourmet pizza and pasta treat (Recorded on 2026-05-20)
2040,Supermarket Staples,Food,5839.79,2026-05-20,true,Monthly pulses; basmati grains; spices and olive oil (Recorded on 2026-05-20)
2041,Diagnostic Comprehensive Blood Panel,Health,3531.02,2026-05-20,true,Full body health checkup; liver and lipid profile (Recorded on 2026-05-20)
2042,Diagnostic Comprehensive Blood Panel,Health,3564.72,2026-05-20,true,Full body health checkup; liver and lipid profile (Recorded on 2026-05-20)
2043,Charity Foundation Contribution,Other,2216.33,2026-05-20,false,Monthly child education and midday meal sponsorship (Recorded on 2026-05-20)
2044,Airtel 5G Fiber Broadband,Bills,1393.63,2026-05-21,true,1 Gbps symmetrical unlimited high-speed fiber plan (Recorded on 2026-05-21)
2045,Go-Karting Speedway Grand Prix,Fun,2243.80,2026-05-21,false,Weekend competitive racing sessions with group (Recorded on 2026-05-21)
2046,iCloud / Google Cloud Storage,Bills,650.00,2026-05-21,true,2TB unified encrypted cloud backup subscription (Recorded on 2026-05-21)
2047,IKEA Modular Desk Organizers,Shopping,3205.58,2026-05-22,false,Desk cable management units; drawer trays & LED (Recorded on 2026-05-22)
2048,Uniqlo Airism Essentials,Shopping,3325.50,2026-05-22,true,Innerwear; cooling undershirts and crew socks (Recorded on 2026-05-22)
2049,Airtel 5G Fiber Broadband,Bills,1485.60,2026-05-23,true,1 Gbps symmetrical unlimited high-speed fiber plan (Recorded on 2026-05-23)
2050,Zara Linen Summer Collection,Shopping,3170.25,2026-05-23,false,Breathable cotton casual button-up shirts (Recorded on 2026-05-23)
2051,Local Fruit Stall,Food,429.81,2026-05-23,true,Fresh seasonal Alphonso mangoes and apples (Recorded on 2026-05-23)
2052,Express International Courier,Other,664.22,2026-05-23,true,Expedited legal document international courier parcel (Recorded on 2026-05-23)
2053,Concert Live Music Festival,Fun,7035.67,2026-05-23,false,Weekend rock concert arena general admission pass (Recorded on 2026-05-23)
2054,Cult.fit Fitness Gym Pass,Health,5239.72,2026-05-23,true,Quarterly fitness center gym and yoga pass (Recorded on 2026-05-23)
2055,Uniqlo Airism Essentials,Shopping,1893.59,2026-05-24,true,Innerwear; cooling undershirts and crew socks (Recorded on 2026-05-24)
2056,Blinkit Quick Delivery,Food,380.70,2026-05-24,false,Midnight craving snacks; chocolate and ice cream (Recorded on 2026-05-24)
2057,Nike Marathon Running Shoes,Shopping,12421.49,2026-05-24,false,Long distance training air zoom cushion sneakers (Recorded on 2026-05-24)
2058,Amazon Tech Essentials,Shopping,3131.32,2026-05-24,true,USB-C multi-port hub; braided cables & adapter (Recorded on 2026-05-24)
2059,Optometry Eye Checkup & Frames,Health,5292.35,2026-05-24,true,Blue-light blocking high-index prescription lenses (Recorded on 2026-05-24)
2060,iCloud / Google Cloud Storage,Bills,650.00,2026-05-25,true,2TB unified encrypted cloud backup subscription (Recorded on 2026-05-25)
2061,Neighborhood Hardware Store,Shopping,830.45,2026-05-25,true,Stainless screws; drywall anchors; drill accessories (Recorded on 2026-05-25)
2062,Express International Courier,Other,935.77,2026-05-25,true,Expedited legal document international courier parcel (Recorded on 2026-05-25)
2063,Dry Cleaning & Garment Care,Other,767.31,2026-05-25,true,Winter wool coats; formal suits and blazers clean (Recorded on 2026-05-25)
2064,Expressway FASTag Toll,Transport,214.88,2026-05-25,true,State expressway toll automated electronic debit (Recorded on 2026-05-25)
2065,Go-Karting Speedway Grand Prix,Fun,2214.79,2026-05-26,false,Weekend competitive racing sessions with group (Recorded on 2026-05-26)
2066,Apollo Pharmacy Prescription,Health,1271.00,2026-05-26,true,Prescription medication; vitamin D3 & omega-3 (Recorded on 2026-05-26)
2067,Concert Live Music Festival,Fun,6132.17,2026-05-26,false,Weekend rock concert arena general admission pass (Recorded on 2026-05-26)
2068,Airtel 5G Fiber Broadband,Bills,1010.27,2026-05-26,true,1 Gbps symmetrical unlimited high-speed fiber plan (Recorded on 2026-05-26)
2069,Dry Cleaning & Garment Care,Other,1771.01,2026-05-26,true,Winter wool coats; formal suits and blazers clean (Recorded on 2026-05-26)
2070,Udemy Masterclass Bootcamp,Learn,1091.37,2026-05-26,true,Full-stack distributed cloud architecture video course (Recorded on 2026-05-26)
2071,Local Fruit Stall,Food,359.02,2026-05-27,true,Fresh seasonal Alphonso mangoes and apples (Recorded on 2026-05-27)
2072,Coursera AI Specialization,Learn,4385.11,2026-05-27,true,Machine learning and deep neural networks lab (Recorded on 2026-05-27)
2073,Zomato Weekend Dinner,Food,1351.87,2026-05-27,false,Family gourmet pizza and pasta treat (Recorded on 2026-05-27)
2074,Municipal Water Authority,Bills,787.15,2026-05-27,true,Quarterly residential piped water supply charges (Recorded on 2026-05-27)
2075,Auto Rickshaw Meter Fare,Transport,147.34,2026-05-27,true,Local city transit to metro station (Recorded on 2026-05-27)
2076,Charity Foundation Contribution,Other,4214.74,2026-05-27,false,Monthly child education and midday meal sponsorship (Recorded on 2026-05-27)
2077,Neighborhood Hardware Store,Shopping,968.80,2026-05-28,true,Stainless screws; drywall anchors; drill accessories (Recorded on 2026-05-28)
2078,Language Mastery Application,Learn,2138.57,2026-05-28,false,Annual conversational language learning subscription (Recorded on 2026-05-28)
2079,Shell Petrol Station Fuel,Transport,2977.90,2026-05-28,true,Full tank unleaded petrol for vehicle (Recorded on 2026-05-28)
2080,Friend Wedding / Birthday Gift,Other,7433.19,2026-05-28,false,Custom engraved stainless steel wristwatch with box (Recorded on 2026-05-28)
2081,Kindle Technical E-Books,Learn,454.96,2026-05-29,true,Software engineering architecture & financial books (Recorded on 2026-05-29)
2082,Municipal Water Authority,Bills,437.45,2026-05-29,true,Quarterly residential piped water supply charges (Recorded on 2026-05-29)
2083,Zara Linen Summer Collection,Shopping,2978.22,2026-05-30,false,Breathable cotton casual button-up shirts (Recorded on 2026-05-30)
2084,Coursera AI Specialization,Learn,4552.87,2026-05-30,true,Machine learning and deep neural networks lab (Recorded on 2026-05-30)
2085,Zomato Weekend Dinner,Food,2135.34,2026-05-30,false,Family gourmet pizza and pasta treat (Recorded on 2026-05-30)
2086,Municipal Water Authority,Bills,629.64,2026-05-30,true,Quarterly residential piped water supply charges (Recorded on 2026-05-30)
2087,Deep Home Sanitization Service,Other,2553.68,2026-05-30,true,Quarterly professional deep house cleaning and scrub (Recorded on 2026-05-30)
2088,IKEA Modular Desk Organizers,Shopping,3300.32,2026-05-31,false,Desk cable management units; drawer trays & LED (Recorded on 2026-05-31)
2089,Dry Cleaning & Garment Care,Other,1384.58,2026-05-31,true,Winter wool coats; formal suits and blazers clean (Recorded on 2026-05-31)
2090,Udemy Masterclass Bootcamp,Learn,1092.51,2026-06-01,true,Full-stack distributed cloud architecture video course (Recorded on 2026-06-01)
2091,PVR IMAX 3D Recliner Tickets,Fun,967.10,2026-06-01,false,Sci-fi movie premiere with large cheese popcorn (Recorded on 2026-06-01)
2092,Municipal Water Authority,Bills,847.17,2026-06-01,true,Quarterly residential piped water supply charges (Recorded on 2026-06-01)
2093,City Mall Parking Fee,Transport,216.21,2026-06-01,false,Multi-level basement underground parking validation (Recorded on 2026-06-01)
2094,Coursera AI Specialization,Learn,4627.00,2026-06-02,true,Machine learning and deep neural networks lab (Recorded on 2026-06-02)
2095,Dry Cleaning & Garment Care,Other,1047.84,2026-06-02,true,Winter wool coats; formal suits and blazers clean (Recorded on 2026-06-02)
2096,Zomato Weekend Dinner,Food,1060.56,2026-06-02,false,Family gourmet pizza and pasta treat (Recorded on 2026-06-02)
2097,Starbucks Latte & Croissant,Food,509.84,2026-06-02,false,Meeting client over coffee & cookies (Recorded on 2026-06-02)
2098,IKEA Modular Desk Organizers,Shopping,2479.02,2026-06-02,false,Desk cable management units; drawer trays & LED (Recorded on 2026-06-02)
2099,Mobile 5G Postpaid Plan,Bills,1008.76,2026-06-02,true,Unlimited 5G corporate postpaid phone plan (Recorded on 2026-06-02)
2100,Zomato Weekend Dinner,Food,1266.66,2026-06-03,false,Family gourmet pizza and pasta treat (Recorded on 2026-06-03)
2101,Auto Rickshaw Meter Fare,Transport,151.97,2026-06-03,true,Local city transit to metro station (Recorded on 2026-06-03)
2102,Neighborhood Hardware Store,Shopping,430.33,2026-06-03,true,Stainless screws; drywall anchors; drill accessories (Recorded on 2026-06-03)
2103,Uniqlo Airism Essentials,Shopping,1942.00,2026-06-03,true,Innerwear; cooling undershirts and crew socks (Recorded on 2026-06-03)
2104,Mobile 5G Postpaid Plan,Bills,1141.72,2026-06-04,true,Unlimited 5G corporate postpaid phone plan (Recorded on 2026-06-04)
2105,Apollo Pharmacy Prescription,Health,1171.47,2026-06-04,true,Prescription medication; vitamin D3 & omega-3 (Recorded on 2026-06-04)
2106,Dental Scaling & Oral Checkup,Health,1216.77,2026-06-04,true,Bi-annual preventive dental cleaning and exam (Recorded on 2026-06-04)
2107,Mobile 5G Postpaid Plan,Bills,1188.40,2026-06-04,true,Unlimited 5G corporate postpaid phone plan (Recorded on 2026-06-04)
2108,Dental Scaling & Oral Checkup,Health,1333.14,2026-06-05,true,Bi-annual preventive dental cleaning and exam (Recorded on 2026-06-05)
2109,Uniqlo Airism Essentials,Shopping,1708.56,2026-06-05,true,Innerwear; cooling undershirts and crew socks (Recorded on 2026-06-05)
2110,Spotify Premium Family Plan,Fun,1799.00,2026-06-05,false,Annual ad-free multi-user music streaming (Recorded on 2026-06-05)
2111,Automobile Ceramic Detailing,Transport,2259.13,2026-06-05,false,Full interior vacuum; engine degrease and wash (Recorded on 2026-06-05)
2112,Metro Smart Card Recharge,Transport,909.42,2026-06-05,true,Monthly unlimited metro transit card recharge (Recorded on 2026-06-05)
2113,Express International Courier,Other,614.84,2026-06-06,true,Expedited legal document international courier parcel (Recorded on 2026-06-06)
2114,Dental Scaling & Oral Checkup,Health,2262.15,2026-06-06,true,Bi-annual preventive dental cleaning and exam (Recorded on 2026-06-06)
2115,Dental Scaling & Oral Checkup,Health,2122.86,2026-06-07,true,Bi-annual preventive dental cleaning and exam (Recorded on 2026-06-07)
2116,Whole Foods Grocery,Food,1933.78,2026-06-07,true,Weekly fresh vegetables; organic fruits and dairy (Recorded on 2026-06-07)
2117,Apple Store MagSafe Battery,Shopping,9353.15,2026-06-07,false,Official magnetic fast wireless battery pack (Recorded on 2026-06-07)
2118,Zara Linen Summer Collection,Shopping,2771.81,2026-06-07,false,Breathable cotton casual button-up shirts (Recorded on 2026-06-07)
2119,Automobile Ceramic Detailing,Transport,2788.88,2026-06-07,false,Full interior vacuum; engine degrease and wash (Recorded on 2026-06-07)
2120,Metro Smart Card Recharge,Transport,509.40,2026-06-07,true,Monthly unlimited metro transit card recharge (Recorded on 2026-06-07)
2121,Kindle Technical E-Books,Learn,597.26,2026-06-08,true,Software engineering architecture & financial books (Recorded on 2026-06-08)
2122,Chai & Samosa Corner,Food,105.25,2026-06-08,true,Evening masala tea with team members (Recorded on 2026-06-08)
2123,Dry Cleaning & Garment Care,Other,1690.24,2026-06-08,true,Winter wool coats; formal suits and blazers clean (Recorded on 2026-06-08)
2124,Whole Foods Grocery,Food,2195.43,2026-06-08,true,Weekly fresh vegetables; organic fruits and dairy (Recorded on 2026-06-08)
2125,Whole Foods Grocery,Food,3781.82,2026-06-08,true,Weekly fresh vegetables; organic fruits and dairy (Recorded on 2026-06-08)
2126,Concert Live Music Festival,Fun,8005.87,2026-06-09,false,Weekend rock concert arena general admission pass (Recorded on 2026-06-09)
2127,Apple Store MagSafe Battery,Shopping,9603.07,2026-06-09,false,Official magnetic fast wireless battery pack (Recorded on 2026-06-09)
2128,Shell Petrol Station Fuel,Transport,4445.48,2026-06-09,true,Full tank unleaded petrol for vehicle (Recorded on 2026-06-09)
2129,Society Apartment Maintenance,Bills,4000.02,2026-06-09,true,Monthly housing security; backup generator & lift fee (Recorded on 2026-06-09)
2130,Neighborhood Hardware Store,Shopping,775.54,2026-06-09,true,Stainless screws; drywall anchors; drill accessories (Recorded on 2026-06-09)
2131,Concert Live Music Festival,Fun,6351.18,2026-06-09,false,Weekend rock concert arena general admission pass (Recorded on 2026-06-09)
2132,Chai & Samosa Corner,Food,63.87,2026-06-10,true,Evening masala tea with team members (Recorded on 2026-06-10)
2133,PlayStation Store RPG Purchase,Fun,3342.55,2026-06-10,false,Digital deluxe collector edition open world game (Recorded on 2026-06-10)
2134,Whole Foods Grocery,Food,4249.97,2026-06-11,true,Weekly fresh vegetables; organic fruits and dairy (Recorded on 2026-06-11)
2135,Express International Courier,Other,943.41,2026-06-11,true,Expedited legal document international courier parcel (Recorded on 2026-06-11)
2136,Nike Marathon Running Shoes,Shopping,10387.21,2026-06-11,false,Long distance training air zoom cushion sneakers (Recorded on 2026-06-11)
2137,Shell Petrol Station Fuel,Transport,4419.91,2026-06-11,true,Full tank unleaded petrol for vehicle (Recorded on 2026-06-11)
2138,Language Mastery Application,Learn,2213.27,2026-06-11,false,Annual conversational language learning subscription (Recorded on 2026-06-11)
2139,Go-Karting Speedway Grand Prix,Fun,1725.69,2026-06-11,false,Weekend competitive racing sessions with group (Recorded on 2026-06-11)
2140,IRCTC Executive Train Ticket,Transport,1109.96,2026-06-12,true,Intercity executive AC chair car reservation (Recorded on 2026-06-12)
2141,Nike Marathon Running Shoes,Shopping,11097.19,2026-06-12,false,Long distance training air zoom cushion sneakers (Recorded on 2026-06-12)
2142,Society Apartment Maintenance,Bills,4860.91,2026-06-12,true,Monthly housing security; backup generator & lift fee (Recorded on 2026-06-12)
2143,City Mall Parking Fee,Transport,198.74,2026-06-12,false,Multi-level basement underground parking validation (Recorded on 2026-06-12)
2144,Municipal Water Authority,Bills,650.19,2026-06-13,true,Quarterly residential piped water supply charges (Recorded on 2026-06-13)
2145,LPG Cooking Gas Cylinder Refill,Bills,947.62,2026-06-13,true,Indane domestic LPG home delivery (Recorded on 2026-06-13)
2146,Deep Home Sanitization Service,Other,3607.83,2026-06-13,true,Quarterly professional deep house cleaning and scrub (Recorded on 2026-06-13)
2147,iCloud / Google Cloud Storage,Bills,650.00,2026-06-13,true,2TB unified encrypted cloud backup subscription (Recorded on 2026-06-13)
2148,Udemy Masterclass Bootcamp,Learn,1384.42,2026-06-13,true,Full-stack distributed cloud architecture video course (Recorded on 2026-06-13)
2149,Dental Scaling & Oral Checkup,Health,1216.62,2026-06-14,true,Bi-annual preventive dental cleaning and exam (Recorded on 2026-06-14)
2150,Dry Cleaning & Garment Care,Other,1075.64,2026-06-14,true,Winter wool coats; formal suits and blazers clean (Recorded on 2026-06-14)
2151,Metro Smart Card Recharge,Transport,571.68,2026-06-14,true,Monthly unlimited metro transit card recharge (Recorded on 2026-06-14)
2152,Tech Conference Full Pass,Learn,9387.85,2026-06-14,true,Annual developer engineering summit registration (Recorded on 2026-06-14)
2153,Amazon Tech Essentials,Shopping,1735.90,2026-06-14,true,USB-C multi-port hub; braided cables & adapter (Recorded on 2026-06-14)
2154,Dental Scaling & Oral Checkup,Health,1973.45,2026-06-15,true,Bi-annual preventive dental cleaning and exam (Recorded on 2026-06-15)
2155,Kindle Technical E-Books,Learn,624.65,2026-06-15,true,Software engineering architecture & financial books (Recorded on 2026-06-15)
2156,Language Mastery Application,Learn,2277.52,2026-06-15,false,Annual conversational language learning subscription (Recorded on 2026-06-15)
2157,iCloud / Google Cloud Storage,Bills,650.00,2026-06-16,true,2TB unified encrypted cloud backup subscription (Recorded on 2026-06-16)
2158,Coursera AI Specialization,Learn,4474.83,2026-06-16,true,Machine learning and deep neural networks lab (Recorded on 2026-06-16)
2159,Language Mastery Application,Learn,2510.41,2026-06-16,false,Annual conversational language learning subscription (Recorded on 2026-06-16)
2160,Neighborhood Hardware Store,Shopping,736.44,2026-06-16,true,Stainless screws; drywall anchors; drill accessories (Recorded on 2026-06-16)
2161,Expressway FASTag Toll,Transport,493.60,2026-06-16,true,State expressway toll automated electronic debit (Recorded on 2026-06-16)
2162,Board Game Pub & Cafe,Fun,1733.76,2026-06-16,false,Strategy game night craft beers and nacho platters (Recorded on 2026-06-16)
2163,Uber Premier Commute,Transport,1238.80,2026-06-17,false,Airport ride terminal 2 business flight (Recorded on 2026-06-17)
2164,Dry Cleaning & Garment Care,Other,1766.49,2026-06-17,true,Winter wool coats; formal suits and blazers clean (Recorded on 2026-06-17)
2165,Dental Scaling & Oral Checkup,Health,1593.58,2026-06-18,true,Bi-annual preventive dental cleaning and exam (Recorded on 2026-06-18)
2166,Metro Smart Card Recharge,Transport,830.54,2026-06-18,true,Monthly unlimited metro transit card recharge (Recorded on 2026-06-18)
2167,Charity Foundation Contribution,Other,1807.73,2026-06-18,false,Monthly child education and midday meal sponsorship (Recorded on 2026-06-18)
2168,Charity Foundation Contribution,Other,3019.18,2026-06-18,false,Monthly child education and midday meal sponsorship (Recorded on 2026-06-18)
2169,Physiotherapy Posture Rehab,Health,1182.63,2026-06-18,true,Spine and cervical posture rehab therapy session (Recorded on 2026-06-18)
2170,Kindle Technical E-Books,Learn,737.72,2026-06-19,true,Software engineering architecture & financial books (Recorded on 2026-06-19)
2171,Diagnostic Comprehensive Blood Panel,Health,3217.88,2026-06-19,true,Full body health checkup; liver and lipid profile (Recorded on 2026-06-19)
2172,Starbucks Latte & Croissant,Food,628.33,2026-06-20,false,Meeting client over coffee & cookies (Recorded on 2026-06-20)
2173,LPG Cooking Gas Cylinder Refill,Bills,866.41,2026-06-20,true,Indane domestic LPG home delivery (Recorded on 2026-06-20)
2174,IKEA Modular Desk Organizers,Shopping,5794.05,2026-06-21,false,Desk cable management units; drawer trays & LED (Recorded on 2026-06-21)
2175,Dry Cleaning & Garment Care,Other,1282.63,2026-06-21,true,Winter wool coats; formal suits and blazers clean (Recorded on 2026-06-21)
2176,Friend Wedding / Birthday Gift,Other,5926.87,2026-06-21,false,Custom engraved stainless steel wristwatch with box (Recorded on 2026-06-21)
2177,Charity Foundation Contribution,Other,3249.02,2026-06-21,false,Monthly child education and midday meal sponsorship (Recorded on 2026-06-21)
2178,Uniqlo Airism Essentials,Shopping,1328.20,2026-06-21,true,Innerwear; cooling undershirts and crew socks (Recorded on 2026-06-21)
2179,Friend Wedding / Birthday Gift,Other,7354.35,2026-06-22,false,Custom engraved stainless steel wristwatch with box (Recorded on 2026-06-22)
2180,Cult.fit Fitness Gym Pass,Health,6102.41,2026-06-22,true,Quarterly fitness center gym and yoga pass (Recorded on 2026-06-22)
2181,Bakery Artisanal Bread & Pastry,Food,194.44,2026-06-22,true,Morning bakery supplies and sourdough loaf (Recorded on 2026-06-22)
2182,Cult.fit Fitness Gym Pass,Health,8547.77,2026-06-22,true,Quarterly fitness center gym and yoga pass (Recorded on 2026-06-22)
2183,Local Fruit Stall,Food,352.23,2026-06-23,true,Fresh seasonal Alphonso mangoes and apples (Recorded on 2026-06-23)
2184,Coursera AI Specialization,Learn,4990.95,2026-06-23,true,Machine learning and deep neural networks lab (Recorded on 2026-06-23)
2185,Coursera AI Specialization,Learn,4055.45,2026-06-23,true,Machine learning and deep neural networks lab (Recorded on 2026-06-23)
2186,Netflix 4K UltraHD Subscription,Fun,649.00,2026-06-23,false,Monthly family tier streaming account (Recorded on 2026-06-23)
2187,Board Game Pub & Cafe,Fun,1008.91,2026-06-23,false,Strategy game night craft beers and nacho platters (Recorded on 2026-06-23)
2188,Metro Smart Card Recharge,Transport,934.47,2026-06-23,true,Monthly unlimited metro transit card recharge (Recorded on 2026-06-23)
2189,Dental Scaling & Oral Checkup,Health,1225.63,2026-06-24,true,Bi-annual preventive dental cleaning and exam (Recorded on 2026-06-24)
2190,Apollo Pharmacy Prescription,Health,1072.23,2026-06-24,true,Prescription medication; vitamin D3 & omega-3 (Recorded on 2026-06-24)
2191,Coursera AI Specialization,Learn,4019.40,2026-06-25,true,Machine learning and deep neural networks lab (Recorded on 2026-06-25)
2192,Friend Wedding / Birthday Gift,Other,2611.18,2026-06-25,false,Custom engraved stainless steel wristwatch with box (Recorded on 2026-06-25)
2193,Diagnostic Comprehensive Blood Panel,Health,3511.81,2026-06-25,true,Full body health checkup; liver and lipid profile (Recorded on 2026-06-25)
2194,Physiotherapy Posture Rehab,Health,868.41,2026-06-25,true,Spine and cervical posture rehab therapy session (Recorded on 2026-06-25)
2195,Dry Cleaning & Garment Care,Other,1429.04,2026-06-25,true,Winter wool coats; formal suits and blazers clean (Recorded on 2026-06-25)
2196,Diagnostic Comprehensive Blood Panel,Health,3356.37,2026-06-26,true,Full body health checkup; liver and lipid profile (Recorded on 2026-06-26)
2197,Dental Scaling & Oral Checkup,Health,1999.28,2026-06-26,true,Bi-annual preventive dental cleaning and exam (Recorded on 2026-06-26)
2198,Diagnostic Comprehensive Blood Panel,Health,2664.04,2026-06-26,true,Full body health checkup; liver and lipid profile (Recorded on 2026-06-26)
2199,PlayStation Store RPG Purchase,Fun,3529.31,2026-06-27,false,Digital deluxe collector edition open world game (Recorded on 2026-06-27)
2200,Society Apartment Maintenance,Bills,4124.66,2026-06-27,true,Monthly housing security; backup generator & lift fee (Recorded on 2026-06-27)
2201,Metro Smart Card Recharge,Transport,795.93,2026-06-28,true,Monthly unlimited metro transit card recharge (Recorded on 2026-06-28)
2202,Electricity Power Utility,Bills,3325.86,2026-06-28,true,Monthly household air conditioning electricity bill (Recorded on 2026-06-28)
2203,Charity Foundation Contribution,Other,1838.96,2026-06-28,false,Monthly child education and midday meal sponsorship (Recorded on 2026-06-28)
2204,Society Apartment Maintenance,Bills,5049.49,2026-06-29,true,Monthly housing security; backup generator & lift fee (Recorded on 2026-06-29)
2205,Tech Conference Full Pass,Learn,6066.76,2026-06-29,true,Annual developer engineering summit registration (Recorded on 2026-06-29)
2206,Coursera AI Specialization,Learn,4623.96,2026-06-30,true,Machine learning and deep neural networks lab (Recorded on 2026-06-30)
2207,Friend Wedding / Birthday Gift,Other,3403.00,2026-06-30,false,Custom engraved stainless steel wristwatch with box (Recorded on 2026-06-30)
2208,Chai & Samosa Corner,Food,134.90,2026-06-30,true,Evening masala tea with team members (Recorded on 2026-06-30)
2209,Deep Home Sanitization Service,Other,3821.61,2026-06-30,true,Quarterly professional deep house cleaning and scrub (Recorded on 2026-06-30)
2210,Express International Courier,Other,1146.59,2026-06-30,true,Expedited legal document international courier parcel (Recorded on 2026-06-30)
2211,Tech Conference Full Pass,Learn,8133.08,2026-07-01,true,Annual developer engineering summit registration (Recorded on 2026-07-01)
2212,Chai & Samosa Corner,Food,62.07,2026-07-01,true,Evening masala tea with team members (Recorded on 2026-07-01)
2213,Deep Home Sanitization Service,Other,2980.75,2026-07-01,true,Quarterly professional deep house cleaning and scrub (Recorded on 2026-07-01)
2214,iCloud / Google Cloud Storage,Bills,650.00,2026-07-01,true,2TB unified encrypted cloud backup subscription (Recorded on 2026-07-01)
2215,Language Mastery Application,Learn,2317.65,2026-07-01,false,Annual conversational language learning subscription (Recorded on 2026-07-01)
2216,Auto Rickshaw Meter Fare,Transport,161.52,2026-07-01,true,Local city transit to metro station (Recorded on 2026-07-01)
2217,LPG Cooking Gas Cylinder Refill,Bills,866.06,2026-07-02,true,Indane domestic LPG home delivery (Recorded on 2026-07-02)
2218,Go-Karting Speedway Grand Prix,Fun,1976.97,2026-07-02,false,Weekend competitive racing sessions with group (Recorded on 2026-07-02)
2219,Zara Linen Summer Collection,Shopping,2392.51,2026-07-02,false,Breathable cotton casual button-up shirts (Recorded on 2026-07-02)
2220,Municipal Water Authority,Bills,592.69,2026-07-02,true,Quarterly residential piped water supply charges (Recorded on 2026-07-02)
2221,Kindle Technical E-Books,Learn,601.49,2026-07-03,true,Software engineering architecture & financial books (Recorded on 2026-07-03)
2222,Airtel 5G Fiber Broadband,Bills,1013.57,2026-07-03,true,1 Gbps symmetrical unlimited high-speed fiber plan (Recorded on 2026-07-03)
2223,LPG Cooking Gas Cylinder Refill,Bills,905.07,2026-07-03,true,Indane domestic LPG home delivery (Recorded on 2026-07-03)
2224,Fine Dining Restaurant,Food,8084.52,2026-07-03,false,Special anniversary dinner buffet (Recorded on 2026-07-03)
2225,Whole Foods Grocery,Food,2235.89,2026-07-03,true,Weekly fresh vegetables; organic fruits and dairy (Recorded on 2026-07-03)
2226,Automobile Ceramic Detailing,Transport,3262.58,2026-07-04,false,Full interior vacuum; engine degrease and wash (Recorded on 2026-07-04)
2227,Automobile Ceramic Detailing,Transport,3369.27,2026-07-04,false,Full interior vacuum; engine degrease and wash (Recorded on 2026-07-04)
2228,Zara Linen Summer Collection,Shopping,2704.15,2026-07-04,false,Breathable cotton casual button-up shirts (Recorded on 2026-07-04)
2229,Expressway FASTag Toll,Transport,497.87,2026-07-04,true,State expressway toll automated electronic debit (Recorded on 2026-07-04)
2230,Concert Live Music Festival,Fun,4111.38,2026-07-05,false,Weekend rock concert arena general admission pass (Recorded on 2026-07-05)
2231,Cult.fit Fitness Gym Pass,Health,8661.67,2026-07-05,true,Quarterly fitness center gym and yoga pass (Recorded on 2026-07-05)
2232,Go-Karting Speedway Grand Prix,Fun,1936.02,2026-07-06,false,Weekend competitive racing sessions with group (Recorded on 2026-07-06)
2233,Shell Petrol Station Fuel,Transport,2992.45,2026-07-06,true,Full tank unleaded petrol for vehicle (Recorded on 2026-07-06)
2234,Municipal Water Authority,Bills,554.19,2026-07-06,true,Quarterly residential piped water supply charges (Recorded on 2026-07-06)
2235,Fine Dining Restaurant,Food,6467.55,2026-07-06,false,Special anniversary dinner buffet (Recorded on 2026-07-06)
2236,City Mall Parking Fee,Transport,209.15,2026-07-06,false,Multi-level basement underground parking validation (Recorded on 2026-07-06)
2237,PlayStation Store RPG Purchase,Fun,4757.87,2026-07-07,false,Digital deluxe collector edition open world game (Recorded on 2026-07-07)
2238,IKEA Modular Desk Organizers,Shopping,4350.81,2026-07-07,false,Desk cable management units; drawer trays & LED (Recorded on 2026-07-07)
2239,Cult.fit Fitness Gym Pass,Health,4605.37,2026-07-07,true,Quarterly fitness center gym and yoga pass (Recorded on 2026-07-07)
2240,Swiggy Lunch Box,Food,357.20,2026-07-07,false,Office lunch meal with drink (Recorded on 2026-07-07)
2241,PlayStation Store RPG Purchase,Fun,4104.46,2026-07-07,false,Digital deluxe collector edition open world game (Recorded on 2026-07-07)
2242,Optometry Eye Checkup & Frames,Health,2900.42,2026-07-08,true,Blue-light blocking high-index prescription lenses (Recorded on 2026-07-08)
2243,Spotify Premium Family Plan,Fun,1799.00,2026-07-08,false,Annual ad-free multi-user music streaming (Recorded on 2026-07-08)
2244,Charity Foundation Contribution,Other,1031.46,2026-07-08,false,Monthly child education and midday meal sponsorship (Recorded on 2026-07-08)
2245,Coursera AI Specialization,Learn,4299.89,2026-07-08,true,Machine learning and deep neural networks lab (Recorded on 2026-07-08)
2246,Airtel 5G Fiber Broadband,Bills,1428.71,2026-07-09,true,1 Gbps symmetrical unlimited high-speed fiber plan (Recorded on 2026-07-09)
2247,Nike Marathon Running Shoes,Shopping,10049.82,2026-07-09,false,Long distance training air zoom cushion sneakers (Recorded on 2026-07-09)
2248,Kindle Technical E-Books,Learn,655.53,2026-07-09,true,Software engineering architecture & financial books (Recorded on 2026-07-09)
2249,Charity Foundation Contribution,Other,3947.77,2026-07-10,false,Monthly child education and midday meal sponsorship (Recorded on 2026-07-10)
2250,Optometry Eye Checkup & Frames,Health,4131.70,2026-07-10,true,Blue-light blocking high-index prescription lenses (Recorded on 2026-07-10)
2251,Apple Store MagSafe Battery,Shopping,9421.94,2026-07-11,false,Official magnetic fast wireless battery pack (Recorded on 2026-07-11)
2252,City Mall Parking Fee,Transport,184.17,2026-07-11,false,Multi-level basement underground parking validation (Recorded on 2026-07-11)
2253,Diagnostic Comprehensive Blood Panel,Health,3798.98,2026-07-12,true,Full body health checkup; liver and lipid profile (Recorded on 2026-07-12)
2254,Starbucks Latte & Croissant,Food,665.08,2026-07-12,false,Meeting client over coffee & cookies (Recorded on 2026-07-12)
2255,Amazon Tech Essentials,Shopping,1820.92,2026-07-12,true,USB-C multi-port hub; braided cables & adapter (Recorded on 2026-07-12)
2256,Mobile 5G Postpaid Plan,Bills,1086.90,2026-07-12,true,Unlimited 5G corporate postpaid phone plan (Recorded on 2026-07-12)
2257,Shell Petrol Station Fuel,Transport,3074.09,2026-07-12,true,Full tank unleaded petrol for vehicle (Recorded on 2026-07-12)
2258,Neighborhood Hardware Store,Shopping,854.91,2026-07-12,true,Stainless screws; drywall anchors; drill accessories (Recorded on 2026-07-12)
2259,Diagnostic Comprehensive Blood Panel,Health,3300.24,2026-07-13,true,Full body health checkup; liver and lipid profile (Recorded on 2026-07-13)
2260,IKEA Modular Desk Organizers,Shopping,2540.05,2026-07-13,false,Desk cable management units; drawer trays & LED (Recorded on 2026-07-13)
2261,Cult.fit Fitness Gym Pass,Health,5493.32,2026-07-13,true,Quarterly fitness center gym and yoga pass (Recorded on 2026-07-13)
2262,Coursera AI Specialization,Learn,4180.89,2026-07-13,true,Machine learning and deep neural networks lab (Recorded on 2026-07-13)
2263,Tech Conference Full Pass,Learn,5622.44,2026-07-13,true,Annual developer engineering summit registration (Recorded on 2026-07-13)
2264,PVR IMAX 3D Recliner Tickets,Fun,2163.78,2026-07-14,false,Sci-fi movie premiere with large cheese popcorn (Recorded on 2026-07-14)
2265,PlayStation Store RPG Purchase,Fun,4401.52,2026-07-14,false,Digital deluxe collector edition open world game (Recorded on 2026-07-14)
2266,Blinkit Quick Delivery,Food,293.04,2026-07-15,false,Midnight craving snacks; chocolate and ice cream (Recorded on 2026-07-15)
2267,Airtel 5G Fiber Broadband,Bills,1043.53,2026-07-15,true,1 Gbps symmetrical unlimited high-speed fiber plan (Recorded on 2026-07-15)
2268,Dental Scaling & Oral Checkup,Health,2431.42,2026-07-15,true,Bi-annual preventive dental cleaning and exam (Recorded on 2026-07-15)
2269,Chai & Samosa Corner,Food,87.87,2026-07-16,true,Evening masala tea with team members (Recorded on 2026-07-16)
2270,Charity Foundation Contribution,Other,1474.05,2026-07-16,false,Monthly child education and midday meal sponsorship (Recorded on 2026-07-16)
2271,Spotify Premium Family Plan,Fun,1799.00,2026-07-17,false,Annual ad-free multi-user music streaming (Recorded on 2026-07-17)
2272,Mobile 5G Postpaid Plan,Bills,1172.22,2026-07-17,true,Unlimited 5G corporate postpaid phone plan (Recorded on 2026-07-17)
2273,Udemy Masterclass Bootcamp,Learn,1044.05,2026-07-17,true,Full-stack distributed cloud architecture video course (Recorded on 2026-07-17)
2274,Spotify Premium Family Plan,Fun,1799.00,2026-07-18,false,Annual ad-free multi-user music streaming (Recorded on 2026-07-18)
2275,LPG Cooking Gas Cylinder Refill,Bills,917.72,2026-07-18,true,Indane domestic LPG home delivery (Recorded on 2026-07-18)
2276,Udemy Masterclass Bootcamp,Learn,1025.82,2026-07-18,true,Full-stack distributed cloud architecture video course (Recorded on 2026-07-18)
2277,Zomato Weekend Dinner,Food,2361.81,2026-07-19,false,Family gourmet pizza and pasta treat (Recorded on 2026-07-19)
2278,Concert Live Music Festival,Fun,5754.88,2026-07-19,false,Weekend rock concert arena general admission pass (Recorded on 2026-07-19)
2279,PlayStation Store RPG Purchase,Fun,4164.81,2026-07-19,false,Digital deluxe collector edition open world game (Recorded on 2026-07-19)
2280,Uber Premier Commute,Transport,895.44,2026-07-20,false,Airport ride terminal 2 business flight (Recorded on 2026-07-20)
2281,Optometry Eye Checkup & Frames,Health,4029.97,2026-07-20,true,Blue-light blocking high-index prescription lenses (Recorded on 2026-07-20)
2282,Board Game Pub & Cafe,Fun,1091.02,2026-07-20,false,Strategy game night craft beers and nacho platters (Recorded on 2026-07-20)
2283,Tech Conference Full Pass,Learn,5781.13,2026-07-20,true,Annual developer engineering summit registration (Recorded on 2026-07-20)
2284,Uber Premier Commute,Transport,499.51,2026-07-20,false,Airport ride terminal 2 business flight (Recorded on 2026-07-20)
2285,Express International Courier,Other,1197.23,2026-07-21,true,Expedited legal document international courier parcel (Recorded on 2026-07-21)
2286,Swiggy Lunch Box,Food,226.10,2026-07-21,false,Office lunch meal with drink (Recorded on 2026-07-21)
2287,Coursera AI Specialization,Learn,4976.52,2026-07-21,true,Machine learning and deep neural networks lab (Recorded on 2026-07-21)
2288,Uniqlo Airism Essentials,Shopping,1294.59,2026-07-22,true,Innerwear; cooling undershirts and crew socks (Recorded on 2026-07-22)
2289,IKEA Modular Desk Organizers,Shopping,2518.37,2026-07-22,false,Desk cable management units; drawer trays & LED (Recorded on 2026-07-22)
2290,Express International Courier,Other,1096.21,2026-07-22,true,Expedited legal document international courier parcel (Recorded on 2026-07-22)
2291,Amazon Tech Essentials,Shopping,1629.15,2026-07-22,true,USB-C multi-port hub; braided cables & adapter (Recorded on 2026-07-22)
2292,Udemy Masterclass Bootcamp,Learn,907.32,2026-07-23,true,Full-stack distributed cloud architecture video course (Recorded on 2026-07-23)
2293,Apollo Pharmacy Prescription,Health,1771.00,2026-07-23,true,Prescription medication; vitamin D3 & omega-3 (Recorded on 2026-07-23)
2294,Express International Courier,Other,985.65,2026-07-23,true,Expedited legal document international courier parcel (Recorded on 2026-07-23)
2295,Coursera AI Specialization,Learn,4901.79,2026-07-23,true,Machine learning and deep neural networks lab (Recorded on 2026-07-23)
2296,Society Apartment Maintenance,Bills,5108.06,2026-07-23,true,Monthly housing security; backup generator & lift fee (Recorded on 2026-07-23)
2297,Society Apartment Maintenance,Bills,3919.92,2026-07-23,true,Monthly housing security; backup generator & lift fee (Recorded on 2026-07-23)
2298,Optometry Eye Checkup & Frames,Health,6477.72,2026-07-24,true,Blue-light blocking high-index prescription lenses (Recorded on 2026-07-24)
2299,Uniqlo Airism Essentials,Shopping,3161.98,2026-07-24,true,Innerwear; cooling undershirts and crew socks (Recorded on 2026-07-24)
2300,Dry Cleaning & Garment Care,Other,826.70,2026-07-24,true,Winter wool coats; formal suits and blazers clean (Recorded on 2026-07-24)
2301,Netflix 4K UltraHD Subscription,Fun,649.00,2026-07-25,false,Monthly family tier streaming account (Recorded on 2026-07-25)
2302,Fine Dining Restaurant,Food,4691.46,2026-07-25,false,Special anniversary dinner buffet (Recorded on 2026-07-25)
2303,Kindle Technical E-Books,Learn,1196.40,2026-07-26,true,Software engineering architecture & financial books (Recorded on 2026-07-26)
2304,Dry Cleaning & Garment Care,Other,1129.82,2026-07-26,true,Winter wool coats; formal suits and blazers clean (Recorded on 2026-07-26)
2305,Charity Foundation Contribution,Other,2971.95,2026-07-26,false,Monthly child education and midday meal sponsorship (Recorded on 2026-07-26)
2306,Amazon Tech Essentials,Shopping,1703.44,2026-07-26,true,USB-C multi-port hub; braided cables & adapter (Recorded on 2026-07-26)
2307,Spotify Premium Family Plan,Fun,1799.00,2026-07-26,false,Annual ad-free multi-user music streaming (Recorded on 2026-07-26)
2308,Neighborhood Hardware Store,Shopping,493.05,2026-07-27,true,Stainless screws; drywall anchors; drill accessories (Recorded on 2026-07-27)
2309,Society Apartment Maintenance,Bills,5249.06,2026-07-27,true,Monthly housing security; backup generator & lift fee (Recorded on 2026-07-27)
2310,Concert Live Music Festival,Fun,8490.02,2026-07-27,false,Weekend rock concert arena general admission pass (Recorded on 2026-07-27)
2311,Chai & Samosa Corner,Food,124.35,2026-07-27,true,Evening masala tea with team members (Recorded on 2026-07-27)
2312,Kindle Technical E-Books,Learn,634.62,2026-07-28,true,Software engineering architecture & financial books (Recorded on 2026-07-28)
2313,Dry Cleaning & Garment Care,Other,1664.84,2026-07-28,true,Winter wool coats; formal suits and blazers clean (Recorded on 2026-07-28)
2314,Zomato Weekend Dinner,Food,1890.10,2026-07-28,false,Family gourmet pizza and pasta treat (Recorded on 2026-07-28)
2315,Coursera AI Specialization,Learn,4589.34,2026-07-29,true,Machine learning and deep neural networks lab (Recorded on 2026-07-29)
2316,City Mall Parking Fee,Transport,130.76,2026-07-29,false,Multi-level basement underground parking validation (Recorded on 2026-07-29)
2317,Charity Foundation Contribution,Other,2816.22,2026-07-30,false,Monthly child education and midday meal sponsorship (Recorded on 2026-07-30)
2318,Society Apartment Maintenance,Bills,4713.41,2026-07-30,true,Monthly housing security; backup generator & lift fee (Recorded on 2026-07-30)
2319,Bakery Artisanal Bread & Pastry,Food,484.29,2026-07-31,true,Morning bakery supplies and sourdough loaf (Recorded on 2026-07-31)
2320,Optometry Eye Checkup & Frames,Health,6499.27,2026-07-31,true,Blue-light blocking high-index prescription lenses (Recorded on 2026-07-31)
2321,Zara Linen Summer Collection,Shopping,5484.13,2026-07-31,false,Breathable cotton casual button-up shirts (Recorded on 2026-07-31)
2322,Mobile 5G Postpaid Plan,Bills,1198.07,2026-07-31,true,Unlimited 5G corporate postpaid phone plan (Recorded on 2026-07-31)
2323,Kindle Technical E-Books,Learn,749.14,2026-08-01,true,Software engineering architecture & financial books (Recorded on 2026-08-01)
2324,Zara Linen Summer Collection,Shopping,5860.68,2026-08-01,false,Breathable cotton casual button-up shirts (Recorded on 2026-08-01)
2325,Uber Premier Commute,Transport,1259.73,2026-08-02,false,Airport ride terminal 2 business flight (Recorded on 2026-08-02)
2326,Nike Marathon Running Shoes,Shopping,11234.94,2026-08-02,false,Long distance training air zoom cushion sneakers (Recorded on 2026-08-02)
2327,LPG Cooking Gas Cylinder Refill,Bills,925.26,2026-08-02,true,Indane domestic LPG home delivery (Recorded on 2026-08-02)
2328,Amazon Tech Essentials,Shopping,1585.96,2026-08-02,true,USB-C multi-port hub; braided cables & adapter (Recorded on 2026-08-02)
2329,Coursera AI Specialization,Learn,4902.73,2026-08-02,true,Machine learning and deep neural networks lab (Recorded on 2026-08-02)
2330,IKEA Modular Desk Organizers,Shopping,5492.79,2026-08-03,false,Desk cable management units; drawer trays & LED (Recorded on 2026-08-03)
2331,Physiotherapy Posture Rehab,Health,939.91,2026-08-03,true,Spine and cervical posture rehab therapy session (Recorded on 2026-08-03)
2332,Charity Foundation Contribution,Other,2905.76,2026-08-03,false,Monthly child education and midday meal sponsorship (Recorded on 2026-08-03)
2333,Kindle Technical E-Books,Learn,1017.37,2026-08-03,true,Software engineering architecture & financial books (Recorded on 2026-08-03)
2334,Physiotherapy Posture Rehab,Health,930.45,2026-08-03,true,Spine and cervical posture rehab therapy session (Recorded on 2026-08-03)
2335,Kindle Technical E-Books,Learn,480.33,2026-08-03,true,Software engineering architecture & financial books (Recorded on 2026-08-03)
2336,Deep Home Sanitization Service,Other,3795.22,2026-08-04,true,Quarterly professional deep house cleaning and scrub (Recorded on 2026-08-04)
2337,Nike Marathon Running Shoes,Shopping,9217.23,2026-08-04,false,Long distance training air zoom cushion sneakers (Recorded on 2026-08-04)
2338,Expressway FASTag Toll,Transport,480.93,2026-08-04,true,State expressway toll automated electronic debit (Recorded on 2026-08-04)
2339,IRCTC Executive Train Ticket,Transport,1385.57,2026-08-04,true,Intercity executive AC chair car reservation (Recorded on 2026-08-04)
2340,iCloud / Google Cloud Storage,Bills,650.00,2026-08-05,true,2TB unified encrypted cloud backup subscription (Recorded on 2026-08-05)
2341,Concert Live Music Festival,Fun,5638.66,2026-08-05,false,Weekend rock concert arena general admission pass (Recorded on 2026-08-05)
2342,Chai & Samosa Corner,Food,48.42,2026-08-05,true,Evening masala tea with team members (Recorded on 2026-08-05)
2343,Automobile Ceramic Detailing,Transport,2149.94,2026-08-06,false,Full interior vacuum; engine degrease and wash (Recorded on 2026-08-06)
2344,Friend Wedding / Birthday Gift,Other,6564.12,2026-08-06,false,Custom engraved stainless steel wristwatch with box (Recorded on 2026-08-06)
2345,Society Apartment Maintenance,Bills,3388.07,2026-08-07,true,Monthly housing security; backup generator & lift fee (Recorded on 2026-08-07)
2346,Whole Foods Grocery,Food,3643.70,2026-08-07,true,Weekly fresh vegetables; organic fruits and dairy (Recorded on 2026-08-07)
2347,Deep Home Sanitization Service,Other,4072.35,2026-08-07,true,Quarterly professional deep house cleaning and scrub (Recorded on 2026-08-07)
2348,Kindle Technical E-Books,Learn,512.47,2026-08-07,true,Software engineering architecture & financial books (Recorded on 2026-08-07)
2349,Physiotherapy Posture Rehab,Health,1306.87,2026-08-08,true,Spine and cervical posture rehab therapy session (Recorded on 2026-08-08)
2350,Friend Wedding / Birthday Gift,Other,6539.17,2026-08-08,false,Custom engraved stainless steel wristwatch with box (Recorded on 2026-08-08)
2351,Dental Scaling & Oral Checkup,Health,1474.39,2026-08-08,true,Bi-annual preventive dental cleaning and exam (Recorded on 2026-08-08)
2352,Expressway FASTag Toll,Transport,722.97,2026-08-08,true,State expressway toll automated electronic debit (Recorded on 2026-08-08)
2353,Tech Conference Full Pass,Learn,4589.58,2026-08-09,true,Annual developer engineering summit registration (Recorded on 2026-08-09)
2354,Kindle Technical E-Books,Learn,459.98,2026-08-09,true,Software engineering architecture & financial books (Recorded on 2026-08-09)
2355,Charity Foundation Contribution,Other,4475.12,2026-08-10,false,Monthly child education and midday meal sponsorship (Recorded on 2026-08-10)
2356,Express International Courier,Other,875.72,2026-08-10,true,Expedited legal document international courier parcel (Recorded on 2026-08-10)
2357,Optometry Eye Checkup & Frames,Health,5162.59,2026-08-10,true,Blue-light blocking high-index prescription lenses (Recorded on 2026-08-10)
2358,Coursera AI Specialization,Learn,4086.64,2026-08-10,true,Machine learning and deep neural networks lab (Recorded on 2026-08-10)
2359,Amazon Tech Essentials,Shopping,1338.04,2026-08-10,true,USB-C multi-port hub; braided cables & adapter (Recorded on 2026-08-10)
2360,Spotify Premium Family Plan,Fun,1799.00,2026-08-11,false,Annual ad-free multi-user music streaming (Recorded on 2026-08-11)
2361,Supermarket Staples,Food,4424.47,2026-08-11,true,Monthly pulses; basmati grains; spices and olive oil (Recorded on 2026-08-11)
2362,Go-Karting Speedway Grand Prix,Fun,3184.18,2026-08-12,false,Weekend competitive racing sessions with group (Recorded on 2026-08-12)
2363,PVR IMAX 3D Recliner Tickets,Fun,1221.29,2026-08-12,false,Sci-fi movie premiere with large cheese popcorn (Recorded on 2026-08-12)
2364,Deep Home Sanitization Service,Other,3447.98,2026-08-12,true,Quarterly professional deep house cleaning and scrub (Recorded on 2026-08-12)
2365,Shell Petrol Station Fuel,Transport,4575.56,2026-08-13,true,Full tank unleaded petrol for vehicle (Recorded on 2026-08-13)
2366,Charity Foundation Contribution,Other,2885.96,2026-08-13,false,Monthly child education and midday meal sponsorship (Recorded on 2026-08-13)
2367,Netflix 4K UltraHD Subscription,Fun,649.00,2026-08-14,false,Monthly family tier streaming account (Recorded on 2026-08-14)
2368,Society Apartment Maintenance,Bills,5107.74,2026-08-14,true,Monthly housing security; backup generator & lift fee (Recorded on 2026-08-14)
2369,Kindle Technical E-Books,Learn,700.39,2026-08-14,true,Software engineering architecture & financial books (Recorded on 2026-08-14)
2370,Automobile Ceramic Detailing,Transport,3452.82,2026-08-14,false,Full interior vacuum; engine degrease and wash (Recorded on 2026-08-14)
2371,Friend Wedding / Birthday Gift,Other,5479.20,2026-08-14,false,Custom engraved stainless steel wristwatch with box (Recorded on 2026-08-14)
2372,Electricity Power Utility,Bills,3057.49,2026-08-15,true,Monthly household air conditioning electricity bill (Recorded on 2026-08-15)
2373,Friend Wedding / Birthday Gift,Other,5455.20,2026-08-15,false,Custom engraved stainless steel wristwatch with box (Recorded on 2026-08-15)
2374,Deep Home Sanitization Service,Other,3928.58,2026-08-15,true,Quarterly professional deep house cleaning and scrub (Recorded on 2026-08-15)
2375,Blinkit Quick Delivery,Food,281.39,2026-08-15,false,Midnight craving snacks; chocolate and ice cream (Recorded on 2026-08-15)
2376,Expressway FASTag Toll,Transport,735.73,2026-08-15,true,State expressway toll automated electronic debit (Recorded on 2026-08-15)
2377,Language Mastery Application,Learn,2115.94,2026-08-15,false,Annual conversational language learning subscription (Recorded on 2026-08-15)
2378,Diagnostic Comprehensive Blood Panel,Health,3804.28,2026-08-16,true,Full body health checkup; liver and lipid profile (Recorded on 2026-08-16)
2379,Starbucks Latte & Croissant,Food,494.01,2026-08-16,false,Meeting client over coffee & cookies (Recorded on 2026-08-16)
2380,Go-Karting Speedway Grand Prix,Fun,2187.69,2026-08-16,false,Weekend competitive racing sessions with group (Recorded on 2026-08-16)
2381,Concert Live Music Festival,Fun,4598.51,2026-08-16,false,Weekend rock concert arena general admission pass (Recorded on 2026-08-16)
2382,Physiotherapy Posture Rehab,Health,1397.42,2026-08-16,true,Spine and cervical posture rehab therapy session (Recorded on 2026-08-16)
2383,Deep Home Sanitization Service,Other,4266.35,2026-08-16,true,Quarterly professional deep house cleaning and scrub (Recorded on 2026-08-16)
2384,Coursera AI Specialization,Learn,4794.97,2026-08-17,true,Machine learning and deep neural networks lab (Recorded on 2026-08-17)
2385,Uniqlo Airism Essentials,Shopping,1676.58,2026-08-17,true,Innerwear; cooling undershirts and crew socks (Recorded on 2026-08-17)
2386,IRCTC Executive Train Ticket,Transport,1137.19,2026-08-17,true,Intercity executive AC chair car reservation (Recorded on 2026-08-17)
2387,Netflix 4K UltraHD Subscription,Fun,649.00,2026-08-17,false,Monthly family tier streaming account (Recorded on 2026-08-17)
2388,Dry Cleaning & Garment Care,Other,1552.18,2026-08-17,true,Winter wool coats; formal suits and blazers clean (Recorded on 2026-08-17)
2389,Airtel 5G Fiber Broadband,Bills,1103.72,2026-08-18,true,1 Gbps symmetrical unlimited high-speed fiber plan (Recorded on 2026-08-18)
2390,Swiggy Lunch Box,Food,257.64,2026-08-18,false,Office lunch meal with drink (Recorded on 2026-08-18)
2391,Mobile 5G Postpaid Plan,Bills,1137.46,2026-08-18,true,Unlimited 5G corporate postpaid phone plan (Recorded on 2026-08-18)
2392,Neighborhood Hardware Store,Shopping,1080.54,2026-08-18,true,Stainless screws; drywall anchors; drill accessories (Recorded on 2026-08-18)
2393,Whole Foods Grocery,Food,2314.52,2026-08-18,true,Weekly fresh vegetables; organic fruits and dairy (Recorded on 2026-08-18)
2394,PVR IMAX 3D Recliner Tickets,Fun,1586.77,2026-08-19,false,Sci-fi movie premiere with large cheese popcorn (Recorded on 2026-08-19)
2395,Express International Courier,Other,1194.61,2026-08-19,true,Expedited legal document international courier parcel (Recorded on 2026-08-19)
2396,Chai & Samosa Corner,Food,69.42,2026-08-20,true,Evening masala tea with team members (Recorded on 2026-08-20)
2397,Neighborhood Hardware Store,Shopping,936.62,2026-08-20,true,Stainless screws; drywall anchors; drill accessories (Recorded on 2026-08-20)
2398,Uber Premier Commute,Transport,1330.30,2026-08-20,false,Airport ride terminal 2 business flight (Recorded on 2026-08-20)
2399,Charity Foundation Contribution,Other,4850.59,2026-08-20,false,Monthly child education and midday meal sponsorship (Recorded on 2026-08-20)
2400,Metro Smart Card Recharge,Transport,911.81,2026-08-21,true,Monthly unlimited metro transit card recharge (Recorded on 2026-08-21)
2401,Chai & Samosa Corner,Food,51.60,2026-08-21,true,Evening masala tea with team members (Recorded on 2026-08-21)
2402,PlayStation Store RPG Purchase,Fun,3313.07,2026-08-22,false,Digital deluxe collector edition open world game (Recorded on 2026-08-22)
2403,LPG Cooking Gas Cylinder Refill,Bills,894.15,2026-08-22,true,Indane domestic LPG home delivery (Recorded on 2026-08-22)